genre,popularity,acousticness,danceability,duration_ms,energy,liveness,loudness,speechiness,tempo,valence
Dance,99.0,0.0421,0.726,190440.0,0.554,0.106,-5.29,0.0917,169.999,0.335
Dance,83.0,0.109,0.775,208787.0,0.613,0.134,-4.586,0.0542,100.066,0.797
Dance,87.0,0.0441,0.737,222653.0,0.636,0.35,-4.546,0.0437,105.005,0.565
Dance,78.0,0.0203,0.586,220573.0,0.701,0.055,-5.326,0.0416,104.957,0.254
Dance,72.0,0.422,0.728,200773.0,0.646,0.0899,-4.387,0.0463,103.983,0.46
Dance,73.0,0.00699,0.618,173082.0,0.867,0.202,-4.915,0.0439,98.03,0.579
Dance,71.0,0.0588,0.795,190347.0,0.7,0.0977,-5.221,0.107,120.002,0.798
Dance,68.0,0.0179,0.581,202439.0,0.684,0.0849,-4.962,0.0429,129.966,0.0397
Dance,72.0,0.168,0.66,263040.0,0.816,0.0608,-6.61,0.0299,111.346,0.678
Dance,64.0,0.0691,0.712,256040.0,0.905,0.499,-5.774,0.042,98.601,0.942
Dance,65.0,0.611,0.512,213253.0,0.598,0.0881,-4.959,0.115,70.189,0.345
Dance,68.0,0.471,0.406,233467.0,0.62,0.0893,-8.751,0.153,129.812,0.26
Dance,61.0,0.00311,0.379,272987.0,0.608,0.248,-7.011,0.134,81.822,0.241
Dance,61.0,0.103,0.837,227840.0,0.515,0.233,-4.065,0.0793,129.001,0.769
Dance,64.0,0.526,0.553,208254.0,0.618,0.103,-7.096,0.151,133.076,0.715
Dance,70.0,0.00388,0.619,457133.0,0.703,0.163,-9.414,0.0525,115.043,0.709
Dance,61.0,0.00639,0.676,238733.0,0.938,0.0621,-6.664,0.0681,104.833,0.641
Dance,61.0,0.0506,0.729,250667.0,0.658,0.0693,-3.386,0.225,140.043,0.551
Dance,61.0,0.0673,0.557,378600.0,0.428,0.139,-11.299,0.137,103.009,0.0996
Dance,68.0,0.0234,0.776,205360.0,0.693,0.0322,-2.528,0.0314,102.996,0.635
Dance,71.0,0.0131,0.472,340200.0,0.652,0.14,-10.171,0.0305,140.124,0.401
Dance,71.0,0.733,0.57,212933.0,0.519,0.139,-5.671,0.0309,139.701,0.24
Dance,58.0,0.053,0.768,284000.0,0.807,0.214,-5.508,0.106,112.001,0.575
Dance,59.0,0.0643,0.451,220373.0,0.588,0.171,-7.973,0.2,171.849,0.332
Dance,58.0,0.0615,0.571,206320.0,0.903,0.186,-2.184,0.214,127.951,0.477
Dance,65.0,0.000402,0.646,203769.0,0.772,0.102,-3.826,0.0564,117.097,0.414
Dance,60.0,0.0432,0.612,164587.0,0.691,0.19,-4.932,0.12,175.003,0.25
Dance,55.0,0.0312,0.697,268413.0,0.719,0.507,-7.077,0.211,160.136,0.821
Dance,56.0,0.31,0.653,216493.0,0.445,0.116,-7.183,0.0413,144.02,0.176
Dance,60.0,0.0502,0.659,241333.0,0.758,0.0822,-6.424,0.0448,122.945,0.562
Dance,57.0,0.54,0.699,181971.0,0.493,0.258,-10.386,0.0695,94.991,0.08
Dance,58.0,0.521,0.846,186773.0,0.652,0.0814,-7.888,0.0333,120.038,0.888
Dance,62.0,0.00166,0.551,219987.0,0.893,0.348,-2.628,0.0543,125.083,0.794
Dance,58.0,0.302,0.594,268813.0,0.606,0.14,-7.931,0.334,72.854,0.431
Dance,59.0,0.0168,0.693,234960.0,0.789,0.0985,-5.13,0.384,117.055,0.283
Dance,55.0,0.00294,0.233,158413.0,0.8,0.0594,-5.543,0.105,209.767,0.564
Dance,66.0,0.0486,0.698,260067.0,0.71,0.293,-6.174,0.0807,98.678,0.605
Dance,53.0,0.245,0.694,258173.0,0.628,0.169,-8.159,0.201,150.836,0.243
Dance,53.0,0.00897,0.814,201183.0,0.61,0.0737,-7.161,0.105,101.985,0.755
Dance,59.0,0.00915,0.679,220453.0,0.909,0.139,-4.129,0.0297,104.781,0.899
Dance,51.0,0.0127,0.626,180400.0,0.524,0.099,-5.944,0.0422,84.865,0.56
Dance,54.0,0.568,0.603,171267.0,0.494,0.109,-7.397,0.199,174.063,0.47
Dance,65.0,0.109,0.768,206040.0,0.919,0.366,-6.066,0.0416,116.649,0.862
Dance,53.0,0.00171,0.721,197442.0,0.925,0.547,-3.208,0.196,111.961,0.37
Dance,63.0,0.052,0.735,324667.0,0.64,0.345,-7.522,0.072,104.444,0.551
Dance,51.0,0.377,0.861,241253.0,0.421,0.102,-8.062,0.0481,105.002,0.279
Dance,57.0,0.114,0.701,235434.0,0.964,0.153,-2.037,0.127,113.058,0.484
Dance,53.0,0.0296,0.508,169730.0,0.803,0.362,-5.161,0.366,159.895,0.401
Dance,56.0,0.0987,0.818,243946.0,0.562,0.355,-7.779,0.0356,125.03,0.57
Dance,56.0,0.00596,0.579,251800.0,0.841,0.0991,-5.089,0.0873,178.135,0.312
Dance,49.0,0.00757,0.66,214760.0,0.936,0.116,-3.547,0.066,133.047,0.751
Dance,52.0,0.411,0.536,299040.0,0.714,0.0703,-8.865,0.0334,124.052,0.693
Dance,45.0,0.0068,0.572,191880.0,0.932,0.491,-2.7,0.0479,135.522,0.853
Dance,50.0,0.341,0.723,160093.0,0.667,0.135,-5.793,0.0313,75.029,0.618
Dance,43.0,0.0473,0.645,252427.0,0.77,0.108,-6.871,0.0375,165.033,0.67
Dance,47.0,0.365,0.54,216907.0,0.734,0.132,-4.668,0.0366,123.877,0.36
Dance,54.0,0.0444,0.607,167960.0,0.864,0.0341,-7.101,0.0522,131.203,0.947
Dance,47.0,0.0203,0.558,214853.0,0.841,0.0867,-4.917,0.139,135.937,0.408
Dance,50.0,0.339,0.633,225720.0,0.319,0.202,-10.108,0.0379,131.886,0.0638
Dance,47.0,0.0417,0.707,204973.0,0.924,0.134,-11.844,0.0518,115.091,0.903
Dance,53.0,0.00312,0.636,208867.0,0.684,0.0402,-9.37,0.0594,96.988,0.684
Dance,51.0,0.51,0.493,195933.0,0.427,0.099,-10.707,0.0933,98.041,0.255
Dance,51.0,0.287,0.706,227319.0,0.653,0.0843,-6.39,0.055,120.018,0.32
Dance,44.0,0.41,0.606,207973.0,0.587,0.112,-9.363,0.0509,130.034,0.368
Dance,54.0,0.0993,0.768,224507.0,0.593,0.105,-9.643,0.0463,104.954,0.329
Dance,48.0,0.0536,0.653,189677.0,0.754,0.146,-4.268,0.0732,123.96,0.647
Dance,50.0,0.0761,0.555,202440.0,0.87,0.099,-2.899,0.0657,150.119,0.397
Dance,47.0,0.000159,0.703,174867.0,0.713,0.0922,-8.92,0.0758,138.732,0.908
Dance,48.0,0.0678,0.767,347347.0,0.787,0.43,-8.28,0.0566,121.102,0.839
Dance,48.0,0.514,0.426,172678.0,0.579,0.111,-9.045,0.429,170.919,0.456
Dance,47.0,0.0936,0.599,186120.0,0.9,0.0888,-3.144,0.136,100.014,0.394
Dance,41.0,0.0278,0.845,204493.0,0.935,0.37,-3.262,0.0671,129.943,0.962
Dance,46.0,0.104,0.732,282173.0,0.42,0.509,-7.204,0.0397,117.02,0.311
Dance,46.0,0.0917,0.416,209840.0,0.782,0.105,-5.67,0.226,75.451,0.602
Dance,47.0,0.253,0.692,365560.0,0.601,0.103,-6.831,0.0775,130.06,0.265
Electronic,65.0,0.0657,0.642,182400.0,0.933,0.087,-2.887,0.0871,150.039,0.158
Electronic,61.0,0.0324,0.803,299133.0,0.722,0.0763,-6.421,0.0377,139.981,0.857
Electronic,52.0,0.0319,0.479,257045.0,0.675,0.128,-4.893,0.0413,145.022,0.189
Electronic,55.0,0.0226,0.422,288933.0,0.606,0.15,-7.549,0.0276,158.014,0.148
Electronic,50.0,0.112,0.577,252308.0,0.791,0.111,-5.479,0.19,156.09,0.059
Electronic,54.0,0.322,0.64,322133.0,0.867,0.0688,-7.93,0.0579,174.711,0.413
Electronic,62.0,0.0928,0.88,191685.0,0.67,0.064,-9.237,0.217,116.016,0.235
Electronic,51.0,0.0358,0.384,181107.0,0.853,0.51,-5.412,0.275,136.813,0.749
Electronic,53.0,0.503,0.714,243373.0,0.689,0.1,-6.538,0.04,95.035,0.883
Electronic,56.0,0.0262,0.86,174375.0,0.956,0.183,-1.611,0.0727,128.013,0.0794
Electronic,45.0,0.0225,0.927,133070.0,0.719,0.1,-4.208,0.0885,100.958,0.187
Electronic,44.0,0.00926,0.612,211200.0,0.731,0.151,-9.147,0.165,150.005,0.744
Electronic,45.0,0.000431,0.521,268800.0,0.989,0.205,-0.847,0.182,150.101,0.354
Electronic,53.0,0.026,0.465,311333.0,0.989,0.888,-5.635,0.163,117.751,0.0879
Electronic,46.0,0.0053,0.43,195200.0,0.909,0.114,-6.198,0.102,149.769,0.417
Electronic,49.0,0.0338,0.552,317400.0,0.554,0.127,-8.703,0.027,101.319,0.451
Electronic,42.0,0.0068,0.241,211225.0,0.698,0.535,-5.51,0.0557,99.95,0.323
Electronic,55.0,0.000107,0.793,372555.0,0.851,0.032,-6.303,0.0599,120.002,0.62
Electronic,40.0,0.00399,0.579,241702.0,0.79,0.101,-4.683,0.0468,144.998,0.233
Electronic,43.0,0.729,0.49,343607.0,0.524,0.0803,-13.911,0.0357,94.986,0.0929
Electronic,41.0,0.005,0.621,276700.0,0.949,0.666,-2.189,0.0837,74.984,0.0398
Electronic,49.0,0.0258,0.874,238533.0,0.66,0.187,-6.699,0.0545,114.005,0.845
Electronic,39.0,0.00491,0.68,298347.0,0.793,0.127,-6.911,0.0474,130.251,0.121
Electronic,37.0,0.304,0.655,251686.0,0.748,0.515,-6.171,0.043,146.052,0.374
Electronic,36.0,0.055,0.651,240009.0,0.418,0.103,-9.306,0.0352,139.997,0.104
Electronic,42.0,0.259,0.721,173728.0,0.607,0.0734,-7.283,0.253,160.211,0.554
Electronic,31.0,0.0576,0.596,265600.0,0.898,0.0752,-10.903,0.0623,134.973,0.35
Electronic,38.0,0.0246,0.563,219000.0,0.975,0.137,-1.985,0.0598,160.095,0.826
Electronic,39.0,0.00457,0.79,503027.0,0.844,0.0993,-9.929,0.0692,126.017,0.777
Electronic,41.0,0.00317,0.716,243750.0,0.899,0.362,-5.638,0.0525,128.004,0.486
Electronic,39.0,0.0122,0.514,211765.0,0.907,0.115,-3.831,0.0619,136.105,0.27
Electronic,43.0,0.0477,0.673,268800.0,0.652,0.119,-9.051,0.0702,94.873,0.738
Electronic,35.0,0.00744,0.717,207224.0,0.882,0.213,-6.572,0.365,170.1,0.524
Electronic,45.0,0.333,0.703,369146.0,0.421,0.647,-16.18,0.0588,118.005,0.236
Electronic,42.0,0.0234,0.837,237520.0,0.472,0.108,-11.45,0.0733,98.964,0.369
Electronic,49.0,0.00204,0.81,224800.0,0.36,0.0892,-13.929,0.0684,120.004,0.0376
Electronic,39.0,0.00263,0.712,242533.0,0.83,0.106,-5.419,0.0365,144.034,0.7
Electronic,33.0,2.11e-05,0.616,258207.0,0.998,0.796,-2.723,0.0779,145.015,0.554
Electronic,36.0,0.0023,0.585,241213.0,0.902,0.343,-3.714,0.0788,104.069,0.261
Electronic,29.0,0.000547,0.553,195200.0,0.91,0.0907,-3.294,0.051,149.997,0.0646
Electronic,39.0,0.0302,0.67,219499.0,0.941,0.344,-5.231,0.316,160.03,0.651
Electronic,35.0,0.307,0.649,243827.0,0.972,0.105,-7.255,0.109,162.855,0.399
Electronic,47.0,0.146,0.754,436200.0,0.476,0.0897,-11.792,0.0494,115.007,0.344
Electronic,30.0,0.0231,0.777,172362.0,0.916,0.559,-4.366,0.282,139.989,0.397
Electronic,34.0,0.0309,0.404,224627.0,0.677,0.112,-5.77,0.0727,154.631,0.617
Electronic,34.0,0.000705,0.444,211200.0,0.926,0.153,-0.762,0.3,72.041,0.314
Electronic,42.0,0.00682,0.71,195987.0,0.859,0.0436,-6.38,0.214,139.983,0.411
Electronic,39.0,0.11,0.777,209711.0,0.667,0.0958,-5.034,0.358,170.121,0.69
Electronic,31.0,0.004,0.462,219691.0,0.636,0.372,-8.997,0.0341,90.006,0.0947
Electronic,34.0,0.119,0.614,150608.0,0.514,0.173,-11.018,0.0498,76.578,0.239
Electronic,38.0,0.0133,0.616,308120.0,0.645,0.129,-12.651,0.0453,122.003,0.0383
Electronic,34.0,0.0337,0.685,226667.0,0.95,0.0727,-3.556,0.0675,126.026,0.264
Electronic,41.0,0.000712,0.861,367687.0,0.574,0.068,-12.554,0.056,126.984,0.218
Electronic,24.0,0.296,0.777,200800.0,0.681,0.0803,-8.688,0.0418,126.034,0.338
Electronic,35.0,0.135,0.248,230747.0,0.295,0.903,-18.166,0.0434,90.398,0.0571
Electronic,44.0,0.0917,0.583,401253.0,0.666,0.281,-11.702,0.0307,121.709,0.11
Electronic,34.0,0.0732,0.352,496013.0,0.609,0.0696,-10.447,0.0413,115.896,0.0686
Electronic,26.0,0.000402,0.72,245285.0,0.87,0.135,-9.385,0.0452,140.006,0.233
Electronic,35.0,0.178,0.81,254427.0,0.326,0.113,-14.051,0.32,176.027,0.249
Electronic,49.0,0.0266,0.416,242680.0,0.938,0.0955,-1.678,0.0484,172.955,0.516
Electronic,29.0,0.000945,0.657,190800.0,0.995,0.323,-7.258,0.0529,124.897,0.794
Electronic,46.0,0.197,0.827,323218.0,0.54,0.116,-10.485,0.051,122.024,0.065
Electronic,31.0,0.0247,0.575,221278.0,0.995,0.127,-5.17,0.117,127.954,0.321
Electronic,45.0,0.323,0.566,297380.0,0.576,0.0843,-7.775,0.058,127.996,0.155
Electronic,27.0,0.0255,0.874,252029.0,0.629,0.0947,-8.138,0.0592,123.977,0.358
Electronic,30.0,0.00599,0.606,133027.0,0.616,0.135,-11.69,0.188,100.016,0.296
Electronic,34.0,0.175,0.704,240240.0,0.713,0.336,-7.909,0.0632,139.768,0.598
Electronic,27.0,0.0602,0.596,218496.0,0.862,0.138,-4.957,0.313,145.057,0.572
Electronic,39.0,0.722,0.419,208267.0,0.208,0.108,-14.751,0.0339,148.07,0.108
Electronic,29.0,0.522,0.266,219514.0,0.574,0.324,-9.096,0.0345,103.785,0.0739
Electronic,29.0,0.0878,0.425,250227.0,0.805,0.16,-7.984,0.0537,126.581,0.384
Electronic,20.0,0.589,0.699,458667.0,0.416,0.083,-13.688,0.0658,89.998,0.542
Electronic,47.0,0.00138,0.597,209440.0,0.953,0.0813,-3.443,0.105,140.14,0.515
Electronic,29.0,0.0145,0.778,213333.0,0.859,0.0754,-5.766,0.173,126.006,0.304
Electronic,29.0,0.00276,0.461,329143.0,0.908,0.359,-4.48,0.137,139.941,0.239
Electronic,27.0,0.000194,0.601,243857.0,0.969,0.409,-1.553,0.185,139.911,0.198
Electronic,33.0,0.59,0.705,191747.0,0.49,0.196,-12.011,0.0677,140.008,0.221
Electronic,38.0,0.0279,0.765,268800.0,0.674,0.0951,-4.165,0.086,104.008,0.354
Electronic,21.0,0.00107,0.656,378440.0,0.826,0.274,-10.967,0.0491,125.674,0.532
Electronic,22.0,0.00111,0.604,161551.0,0.876,0.0958,-4.731,0.0763,173.953,0.588
Electronic,25.0,3.11e-05,0.375,202800.0,0.667,0.673,-6.243,0.0361,162.965,0.442
Folk,79.0,0.0747,0.701,197707.0,0.943,0.601,-2.986,0.0456,128.992,0.791
Folk,68.0,0.261,0.445,183733.0,0.529,0.184,-10.94,0.026,79.296,0.749
Folk,61.0,0.315,0.766,212347.0,0.695,0.112,-5.564,0.341,90.805,0.766
Folk,61.0,0.93,0.624,201085.0,0.193,0.102,-10.53,0.0309,125.017,0.269
Folk,67.0,0.638,0.263,289792.0,0.237,0.109,-13.738,0.0344,73.024,0.0461
Folk,64.0,0.846,0.33,245780.0,0.356,0.194,-6.911,0.0352,93.778,0.243
Folk,50.0,0.837,0.26,200304.0,0.261,0.249,-9.651,0.0358,138.2,0.226
Folk,63.0,0.86,0.504,202440.0,0.497,0.117,-11.858,0.0253,84.879,0.261
Folk,64.0,0.387,0.471,229827.0,0.494,0.617,-10.407,0.0312,79.255,0.373
Folk,58.0,0.638,0.623,188413.0,0.613,0.143,-9.241,0.0309,147.168,0.745
Folk,64.0,0.807,0.691,148040.0,0.43,0.115,-13.252,0.0576,99.032,0.69
Folk,52.0,0.808,0.636,230373.0,0.22,0.112,-12.416,0.0269,98.492,0.377
Folk,52.0,0.0473,0.408,185316.0,0.563,0.0781,-5.97,0.0375,118.565,0.558
Folk,60.0,0.329,0.315,317438.0,0.64,0.0879,-9.256,0.0339,97.968,0.583
Folk,53.0,0.595,0.774,164627.0,0.439,0.109,-7.612,0.0364,125.085,0.661
Folk,46.0,0.356,0.586,263880.0,0.918,0.128,-5.845,0.0708,111.994,0.31
Folk,59.0,0.916,0.662,262533.0,0.207,0.101,-16.176,0.0427,95.466,0.496
Folk,56.0,0.397,0.523,192613.0,0.631,0.123,-7.494,0.0262,105.096,0.715
Folk,52.0,0.00928,0.419,168493.0,0.856,0.124,-5.443,0.0298,152.009,0.721
Folk,56.0,0.14,0.299,198867.0,0.787,0.292,-7.93,0.069,94.798,0.716
Folk,56.0,0.818,0.407,182640.0,0.417,0.106,-4.9,0.0282,157.06,0.335
Folk,51.0,0.213,0.535,391320.0,0.551,0.172,-9.99,0.0337,79.414,0.631
Folk,56.0,0.889,0.474,199400.0,0.333,0.0955,-12.727,0.0581,69.998,0.137
Folk,44.0,0.906,0.56,324787.0,0.241,0.257,-12.621,0.0341,118.462,0.148
Folk,47.0,0.757,0.47,344573.0,0.351,0.556,-9.385,0.034,152.013,0.392
Folk,52.0,0.108,0.595,249147.0,0.537,0.11,-7.666,0.0325,129.764,0.217
Folk,53.0,0.793,0.681,160453.0,0.168,0.109,-13.397,0.0291,128.615,0.29
Folk,49.0,0.188,0.326,202011.0,0.458,0.181,-10.046,0.0315,141.898,0.111
Folk,49.0,0.148,0.631,179733.0,0.365,0.0734,-10.647,0.0245,85.921,0.473
Folk,54.0,0.000296,0.383,150293.0,0.981,0.202,-4.32,0.0926,98.133,0.479
Folk,52.0,0.0104,0.486,188533.0,0.83,0.0635,-10.815,0.037,151.869,0.652
Folk,51.0,0.344,0.674,236440.0,0.538,0.097,-10.469,0.0401,121.269,0.696
Folk,51.0,0.522,0.607,324680.0,0.416,0.331,-14.41,0.0482,154.107,0.924
Folk,45.0,0.463,0.561,219480.0,0.698,0.102,-5.669,0.0468,171.845,0.68
Folk,47.0,0.0655,0.726,335667.0,0.59,0.0378,-10.099,0.0377,127.581,0.56
Folk,46.0,0.81,0.39,301720.0,0.542,0.0634,-8.384,0.0323,154.023,0.281
Folk,52.0,0.364,0.585,246973.0,0.653,0.133,-6.473,0.0377,136.937,0.284
Folk,47.0,0.0441,0.596,176689.0,0.604,0.108,-6.367,0.0623,81.016,0.433
Folk,52.0,0.18,0.579,133907.0,0.662,0.244,-4.321,0.0351,78.732,0.921
Opera,2.0,0.896,0.259,746600.0,0.198,0.689,-19.621,0.0658,158.284,0.159
Opera,7.0,0.949,0.311,390907.0,0.183,0.0836,-17.364,0.0671,78.633,0.363
Opera,3.0,0.982,0.463,140160.0,0.331,0.178,-21.165,0.0466,66.793,0.27
Opera,35.0,0.973,0.232,311333.0,0.217,0.0862,-13.979,0.0409,132.168,0.096
Opera,32.0,0.973,0.296,189760.0,0.0627,0.757,-20.764,0.0994,175.841,0.067
Opera,33.0,0.708,0.317,349467.0,0.326,0.0671,-10.259,0.0442,76.365,0.177
Opera,20.0,0.636,0.0923,342389.0,0.0833,0.112,-24.336,0.0465,86.848,0.0367
Opera,29.0,0.981,0.27,228027.0,0.294,0.0997,-11.85,0.0419,92.894,0.284
Opera,27.0,0.983,0.225,178733.0,0.218,0.234,-18.864,0.0443,112.527,0.0908
Opera,23.0,0.963,0.352,153393.0,0.512,0.327,-8.302,0.0407,136.54,0.537
Opera,33.0,0.825,0.298,201933.0,0.468,0.897,-10.517,0.0433,98.987,0.209
Opera,15.0,0.97,0.295,156253.0,0.214,0.155,-13.34,0.0374,61.073,0.0665
Opera,18.0,0.912,0.486,291840.0,0.0674,0.425,-20.319,0.0422,84.029,0.465
Opera,21.0,0.74,0.419,206240.0,0.301,0.117,-18.305,0.043,122.599,0.513
Opera,27.0,0.95,0.146,218781.0,0.109,0.107,-16.406,0.0428,73.146,0.0354
Opera,21.0,0.948,0.331,166560.0,0.0646,0.193,-19.851,0.0377,116.627,0.12
Opera,17.0,0.93,0.141,364707.0,0.142,0.335,-20.642,0.0485,79.525,0.0728
Folk,45.0,0.174,0.453,242147.0,0.717,0.12,-7.724,0.0754,111.019,0.393
Folk,51.0,0.213,0.62,271107.0,0.598,0.108,-10.396,0.0304,122.964,0.343
Folk,43.0,0.828,0.287,252680.0,0.235,0.723,-10.284,0.04,61.682,0.15
Folk,54.0,0.901,0.648,171413.0,0.694,0.125,-9.707,0.0457,78.265,0.962
Folk,49.0,0.165,0.796,188528.0,0.566,0.0802,-8.484,0.0574,130.776,0.715
Folk,43.0,0.0246,0.529,170293.0,0.66,0.206,-8.494,0.0302,132.246,0.647
Folk,50.0,9.44e-05,0.523,188973.0,0.986,0.0772,-2.865,0.0632,94.348,0.725
Folk,57.0,0.146,0.751,186621.0,0.635,0.131,-6.292,0.0743,159.898,0.806
Folk,53.0,0.89,0.622,211000.0,0.406,0.123,-10.965,0.388,160.02,0.194
Folk,43.0,0.414,0.589,288520.0,0.487,0.223,-6.904,0.0294,125.92,0.668
Folk,44.0,0.591,0.444,211120.0,0.376,0.0884,-13.598,0.0687,92.019,0.0798
Folk,49.0,0.637,0.747,332213.0,0.447,0.0717,-7.304,0.0412,124.588,0.597
Folk,42.0,0.0022,0.392,212480.0,0.579,0.0827,-10.052,0.0445,93.243,0.449
Folk,49.0,0.807,0.564,258731.0,0.455,0.0832,-8.282,0.0369,132.196,0.305
Folk,51.0,0.153,0.285,236933.0,0.89,0.113,-8.143,0.0405,115.988,0.323
Folk,44.0,0.344,0.565,183580.0,0.625,0.123,-8.766,0.0277,110.998,0.563
Folk,45.0,0.576,0.341,65493.0,0.156,0.105,-12.228,0.0409,109.76,0.0816
Folk,44.0,0.89,0.696,143133.0,0.0565,0.11,-20.36,0.0604,120.453,0.68
Folk,48.0,0.661,0.287,280307.0,0.314,0.127,-14.154,0.0283,103.414,0.387
Folk,47.0,0.133,0.375,331867.0,0.462,0.115,-13.534,0.0305,102.85,0.537
Folk,49.0,0.703,0.644,283267.0,0.367,0.205,-10.883,0.0366,77.554,0.559
Folk,41.0,0.45,0.74,232133.0,0.467,0.0968,-6.828,0.0325,134.033,0.352
Folk,41.0,0.522,0.47,277800.0,0.31,0.106,-7.625,0.0302,120.176,0.0904
Folk,41.0,0.008,0.451,349953.0,0.826,0.0557,-6.155,0.0714,156.017,0.494
Folk,40.0,0.74,0.327,386440.0,0.385,0.142,-10.162,0.0434,68.556,0.354
Folk,45.0,0.00913,0.523,221200.0,0.7,0.165,-12.221,0.0656,130.574,0.745
Folk,45.0,0.795,0.56,241307.0,0.217,0.096,-11.291,0.0428,128.732,0.329
Folk,48.0,0.166,0.281,273137.0,0.918,0.323,-3.845,0.32,99.455,0.36
Folk,44.0,0.742,0.431,277547.0,0.352,0.148,-9.335,0.0275,94.915,0.246
Folk,41.0,0.544,0.683,227307.0,0.402,0.116,-8.456,0.0309,79.153,0.257
Folk,44.0,0.942,0.362,151720.0,0.215,0.0943,-11.807,0.0319,52.645,0.486
Folk,37.0,0.32,0.624,191733.0,0.513,0.0852,-8.438,0.0281,126.013,0.134
Folk,39.0,0.896,0.513,176387.0,0.354,0.165,-10.227,0.0287,140.014,0.466
Folk,47.0,0.909,0.425,195707.0,0.349,0.111,-12.15,0.0275,94.408,0.257
Folk,47.0,0.322,0.316,255318.0,0.667,0.747,-5.399,0.0419,194.081,0.692
Folk,39.0,0.804,0.408,128387.0,0.23,0.109,-9.643,0.0304,179.867,0.566
Folk,38.0,0.204,0.649,189907.0,0.503,0.658,-7.141,0.0327,109.954,0.412
Folk,41.0,0.847,0.514,306400.0,0.418,0.141,-10.456,0.0325,133.917,0.0621
Folk,38.0,0.153,0.599,235147.0,0.321,0.0991,-14.308,0.0289,81.222,0.357
Folk,47.0,0.028,0.518,325573.0,0.769,0.962,-8.696,0.102,122.783,0.571
Folk,38.0,0.0916,0.553,101987.0,0.495,0.349,-6.481,0.0393,125.182,0.507
Hip-Hop,84.0,0.0226,0.698,248521.0,0.66,0.0622,-7.883,0.052,159.949,0.451
Hip-Hop,68.0,0.148,0.637,330000.0,0.639,0.115,-5.834,0.179,75.489,0.345
Hip-Hop,79.0,0.529,0.855,248133.0,0.954,0.205,-1.19,0.264,114.635,0.668
Hip-Hop,75.0,0.11,0.66,180480.0,0.867,0.0368,-4.285,0.116,93.033,0.377
Hip-Hop,71.0,0.124,0.707,252026.0,0.562,0.561,-7.621,0.0305,98.094,0.418
Hip-Hop,73.0,0.0305,0.616,309638.0,0.684,0.376,-6.032,0.311,179.503,0.312
Hip-Hop,71.0,0.0705,0.586,222467.0,0.525,0.0729,-8.968,0.498,126.51,0.491
Hip-Hop,67.0,0.174,0.772,126043.0,0.605,0.329,-4.223,0.0579,128.162,0.425
Hip-Hop,68.0,0.0355,0.782,175213.0,0.633,0.0615,-4.644,0.341,150.055,0.749
Hip-Hop,67.0,0.0284,0.682,238203.0,0.639,0.197,-4.406,0.292,89.09,0.183
Hip-Hop,67.0,0.246,0.49,246793.0,0.651,0.233,-6.24,0.251,164.213,0.46
Hip-Hop,64.0,0.00196,0.776,217707.0,0.675,0.227,-6.224,0.266,131.984,0.271
Hip-Hop,68.0,0.0599,0.797,224240.0,0.469,0.0753,-8.112,0.0646,103.057,0.481
Hip-Hop,63.0,0.759,0.489,272573.0,0.57,0.179,-10.291,0.306,185.516,0.584
Hip-Hop,65.0,0.372,0.775,211862.0,0.539,0.225,-4.303,0.0881,144.966,0.624
Hip-Hop,63.0,0.00864,0.906,194293.0,0.623,0.0753,-6.711,0.303,99.498,0.715
Hip-Hop,79.0,0.178,0.762,228875.0,0.631,0.146,-4.837,0.0544,118.969,0.379
Hip-Hop,59.0,0.113,0.739,198165.0,0.57,0.118,-7.322,0.0741,108.899,0.802
Hip-Hop,63.0,0.234,0.794,251467.0,0.627,0.35,-9.431,0.36,87.554,0.518
Hip-Hop,62.0,0.379,0.76,153725.0,0.227,0.355,-8.327,0.15,96.912,0.279
Hip-Hop,60.0,0.121,0.548,188040.0,0.732,0.124,-6.284,0.328,154.164,0.566
Hip-Hop,67.0,0.306,0.786,235703.0,0.44,0.121,-7.673,0.157,98.014,0.315
Hip-Hop,59.0,0.103,0.795,145455.0,0.644,0.117,-7.883,0.237,164.988,0.465
Hip-Hop,62.0,0.855,0.808,94933.0,0.541,0.142,-6.525,0.252,92.132,0.811
Hip-Hop,59.0,0.000668,0.804,225135.0,0.456,0.31,-7.44,0.0468,130.014,0.165
Hip-Hop,58.0,0.15,0.608,183173.0,0.544,0.146,-6.465,0.0474,68.862,0.381
Hip-Hop,60.0,0.079,0.904,223053.0,0.783,0.149,-4.475,0.145,114.952,0.176
Hip-Hop,59.0,0.0203,0.661,209813.0,0.636,0.378,-4.551,0.118,179.041,0.428
Hip-Hop,60.0,0.325,0.867,153191.0,0.602,0.114,-10.486,0.351,94.025,0.782
Hip-Hop,56.0,0.032,0.73,219307.0,0.529,0.0992,-5.758,0.0379,134.967,0.475
Hip-Hop,63.0,0.0107,0.747,317933.0,0.68,0.0964,-6.187,0.0346,93.804,0.594
Hip-Hop,57.0,0.152,0.757,239412.0,0.772,0.559,-5.081,0.0577,105.937,0.218
Hip-Hop,61.0,0.763,0.545,200205.0,0.606,0.0825,-10.982,0.32,91.686,0.145
Hip-Hop,57.0,0.242,0.769,194824.0,0.562,0.0852,-7.237,0.28,170.082,0.525
Hip-Hop,55.0,0.0103,0.597,282413.0,0.678,0.381,-5.743,0.3,160.074,0.659
Hip-Hop,55.0,0.0215,0.825,199973.0,0.489,0.111,-9.32,0.263,96.99,0.438
Hip-Hop,57.0,0.214,0.523,291280.0,0.783,0.612,-3.755,0.185,117.264,0.313
Opera,16.0,0.958,0.179,181733.0,0.107,0.191,-21.612,0.0396,85.363,0.0833
Opera,19.0,0.983,0.265,287600.0,0.0891,0.104,-15.575,0.0418,78.537,0.0881
Opera,17.0,0.931,0.363,387027.0,0.3,0.3,-12.424,0.0305,96.559,0.354
Opera,16.0,0.985,0.195,388840.0,0.0446,0.184,-21.952,0.0501,64.1,0.0393
Opera,11.0,0.95,0.176,172813.0,0.206,0.537,-14.528,0.0402,173.523,0.115
Opera,19.0,0.918,0.28,228680.0,0.294,0.0888,-14.753,0.0322,94.522,0.502
Opera,17.0,0.964,0.461,210373.0,0.147,0.0906,-22.144,0.0608,104.014,0.351
Opera,10.0,0.969,0.314,175200.0,0.293,0.324,-12.005,0.0412,86.642,0.0618
Opera,19.0,0.819,0.162,318907.0,0.0325,0.0979,-28.307,0.046,76.022,0.0729
Opera,16.0,0.966,0.364,200400.0,0.287,0.791,-13.933,0.0465,107.935,0.225
Opera,7.0,0.987,0.438,110960.0,0.0679,0.722,-21.689,0.0606,85.529,0.262
Opera,15.0,0.966,0.184,189427.0,0.00661,0.0601,-35.987,0.0448,70.161,0.0389
Opera,13.0,0.847,0.261,222267.0,0.127,0.383,-23.921,0.0414,138.608,0.328
Opera,9.0,0.962,0.339,281493.0,0.0993,0.496,-21.953,0.135,71.573,0.0791
Opera,18.0,0.767,0.602,99760.0,0.265,0.118,-16.5,0.0332,85.583,0.614
Opera,5.0,0.915,0.216,324627.0,0.103,0.118,-21.386,0.0469,129.589,0.0715
Opera,6.0,0.945,0.29,408133.0,0.141,0.0975,-19.492,0.108,80.582,0.0394
Opera,8.0,0.895,0.196,626427.0,0.265,0.0987,-14.637,0.0333,94.943,0.156
Opera,9.0,0.95,0.25,247707.0,0.159,0.659,-18.924,0.0598,76.594,0.0803
Opera,11.0,0.935,0.36,133533.0,0.138,0.468,-20.156,0.0529,67.855,0.146
Opera,10.0,0.98,0.422,131040.0,0.223,0.291,-21.544,0.186,167.366,0.34
Opera,12.0,0.948,0.0781,364707.0,0.0231,0.0737,-29.623,0.0438,81.761,0.0328
Opera,11.0,0.982,0.247,247933.0,0.138,0.255,-18.226,0.0779,78.005,0.0393
Opera,10.0,0.893,0.197,93000.0,0.0232,0.486,-26.059,0.0354,76.732,0.172
Opera,7.0,0.965,0.0932,289200.0,0.0895,0.104,-23.236,0.0437,70.015,0.153
Opera,12.0,0.899,0.246,313760.0,0.0336,0.52,-31.26,0.048,170.056,0.0704
Opera,9.0,0.979,0.453,99000.0,0.153,0.262,-20.482,0.129,126.775,0.368
Opera,9.0,0.738,0.443,270533.0,0.384,0.142,-10.072,0.0304,115.932,0.567
Opera,11.0,0.901,0.302,412000.0,0.0598,0.0791,-29.105,0.0456,66.05,0.249
Opera,12.0,0.962,0.206,315931.0,0.059,0.51,-18.25,0.049,76.752,0.0395
Opera,6.0,0.981,0.399,165987.0,0.431,0.887,-10.054,0.0621,107.735,0.201
Opera,10.0,0.959,0.44,75560.0,0.435,0.655,-14.755,0.314,114.755,0.497
Opera,9.0,0.967,0.117,256667.0,0.202,0.0572,-14.608,0.0404,82.298,0.0449
Opera,15.0,0.808,0.17,105333.0,0.0837,0.143,-18.801,0.0415,149.967,0.246
Hip-Hop,54.0,0.165,0.834,214533.0,0.917,0.0533,-3.194,0.205,82.766,0.601
Hip-Hop,59.0,0.146,0.572,289600.0,0.878,0.314,-4.076,0.281,165.432,0.578
Hip-Hop,54.0,0.189,0.751,201667.0,0.664,0.672,-6.111,0.317,155.796,0.686
Hip-Hop,55.0,0.00254,0.684,179467.0,0.772,0.101,-2.382,0.046,82.492,0.302
Hip-Hop,52.0,0.102,0.45,274147.0,0.92,0.137,-5.945,0.519,66.454,0.188
Hip-Hop,53.0,0.116,0.886,191160.0,0.573,0.277,-7.649,0.32,132.069,0.609
Hip-Hop,54.0,0.122,0.615,214684.0,0.469,0.108,-8.13,0.141,167.752,0.327
Hip-Hop,55.0,0.0213,0.677,216120.0,0.722,0.207,-7.088,0.0522,125.091,0.0483
Hip-Hop,53.0,0.219,0.613,228650.0,0.686,0.369,-6.412,0.423,137.843,0.477
Hip-Hop,54.0,0.0702,0.777,213626.0,0.558,0.092,-8.838,0.198,90.996,0.407
Hip-Hop,58.0,0.0342,0.781,240761.0,0.66,0.102,-7.092,0.0352,136.053,0.45
Hip-Hop,54.0,0.131,0.881,95957.0,0.77,0.0816,-5.459,0.0542,120.908,0.424
Hip-Hop,54.0,0.517,0.589,217920.0,0.616,0.123,-3.401,0.0987,83.937,0.305
Hip-Hop,52.0,0.0907,0.659,211613.0,0.83,0.133,-5.288,0.286,144.017,0.332
Hip-Hop,56.0,0.0337,0.807,172520.0,0.512,0.133,-7.121,0.302,83.972,0.202
Hip-Hop,56.0,0.337,0.857,216720.0,0.673,0.126,-7.611,0.322,154.988,0.465
Hip-Hop,50.0,0.373,0.758,240053.0,0.661,0.108,-5.286,0.224,150.009,0.395
Hip-Hop,52.0,0.0975,0.68,195371.0,0.504,0.104,-8.411,0.302,79.969,0.529
Hip-Hop,52.0,0.166,0.811,159494.0,0.624,0.0833,-6.972,0.478,157.945,0.428
Hip-Hop,53.0,0.221,0.682,222165.0,0.551,0.133,-8.746,0.288,73.988,0.357
Hip-Hop,50.0,0.188,0.766,261176.0,0.526,0.0744,-6.228,0.233,136.105,0.568
Hip-Hop,51.0,0.12,0.527,223507.0,0.727,0.318,-5.162,0.401,131.98,0.717
Hip-Hop,49.0,0.399,0.804,257418.0,0.555,0.102,-6.038,0.276,91.975,0.516
Hip-Hop,54.0,0.000758,0.695,253773.0,0.912,0.302,-3.331,0.193,160.043,0.59
Hip-Hop,51.0,0.000127,0.781,408307.0,0.731,0.235,-12.277,0.0565,102.398,0.717
Hip-Hop,49.0,0.0546,0.775,116820.0,0.572,0.313,-8.759,0.25,122.012,0.421
Hip-Hop,49.0,0.138,0.85,191787.0,0.559,0.216,-7.531,0.435,149.964,0.562
Hip-Hop,53.0,0.126,0.691,152137.0,0.684,0.113,-5.279,0.0766,100.955,0.336
Hip-Hop,50.0,0.405,0.746,298867.0,0.848,0.385,-8.025,0.346,97.956,0.657
Hip-Hop,49.0,0.178,0.521,220571.0,0.724,0.0577,-8.295,0.425,97.948,0.323
Hip-Hop,52.0,0.785,0.591,142046.0,0.42,0.186,-9.922,0.17,161.963,0.596
Hip-Hop,49.0,0.202,0.67,283533.0,0.86,0.097,-3.183,0.0492,130.016,0.116
Hip-Hop,48.0,0.212,0.488,319846.0,0.652,0.13,-7.739,0.31,88.685,0.517
Hip-Hop,41.0,0.00699,0.686,235404.0,0.702,0.143,-6.73,0.0409,125.029,0.16
Hip-Hop,50.0,0.718,0.644,225336.0,0.489,0.123,-8.399,0.418,75.683,0.824
Hip-Hop,53.0,0.118,0.67,33160.0,0.113,0.1,-23.932,0.675,131.304,0.395
Hip-Hop,51.0,8.74e-05,0.562,216557.0,0.554,0.115,-6.114,0.026,82.064,0.246
Hip-Hop,51.0,0.00474,0.796,98107.0,0.754,0.0826,-7.876,0.0552,122.046,0.794
Hip-Hop,42.0,0.0178,0.764,142846.0,0.643,0.12,-7.614,0.161,130.014,0.321
Hip-Hop,64.0,0.123,0.711,200000.0,0.9,0.223,-4.942,0.0582,99.981,0.394
Hip-Hop,49.0,0.26,0.773,239800.0,0.422,0.279,-7.242,0.324,154.106,0.529
Hip-Hop,48.0,0.0539,0.887,261067.0,0.422,0.114,-14.505,0.228,98.332,0.612
Hip-Hop,51.0,0.104,0.719,220543.0,0.384,0.119,-8.904,0.0778,79.965,0.389
Classical,65.0,0.995,0.398,348333.0,0.00293,0.0897,-29.481,0.0666,130.464,0.0804
Classical,10.0,0.988,0.423,492533.0,0.122,0.679,-23.922,0.0452,126.181,0.318
Classical,23.0,0.993,0.332,219947.0,0.23,0.111,-23.125,0.0523,146.58,0.859
Classical,25.0,0.942,0.332,1059413.0,0.0789,0.0978,-24.9,0.0441,125.661,0.177
Classical,60.0,0.967,0.122,477733.0,0.0182,0.0735,-27.89,0.0383,77.59,0.0473
Classical,54.0,0.995,0.204,105467.0,0.00878,0.101,-34.576,0.043,91.499,0.266
Classical,47.0,0.971,0.105,539560.0,0.0262,0.0829,-28.496,0.0481,170.629,0.0397
Classical,47.0,0.854,0.603,97133.0,0.271,0.152,-18.061,0.0349,125.527,0.762
Opera,12.0,0.815,0.205,366733.0,0.277,0.11,-16.588,0.0344,173.282,0.339
Opera,3.0,0.914,0.403,156667.0,0.279,0.175,-15.04,0.0466,82.45,0.441
Opera,6.0,0.976,0.413,312296.0,0.229,0.0683,-17.208,0.0469,122.314,0.3
Opera,7.0,0.973,0.0981,374000.0,0.443,0.295,-15.76,0.0452,56.56,0.0797
Opera,4.0,0.942,0.443,409867.0,0.223,0.201,-13.624,0.0392,128.693,0.338
Opera,3.0,0.97,0.282,237587.0,0.23,0.17,-18.476,0.0556,94.694,0.174
Opera,13.0,0.942,0.424,216853.0,0.218,0.13,-16.451,0.0526,107.892,0.397
Opera,5.0,0.987,0.596,57507.0,0.211,0.117,-14.433,0.0364,83.853,0.513
Opera,9.0,0.993,0.248,269333.0,0.242,0.132,-15.828,0.0449,82.568,0.128
Opera,6.0,0.664,0.429,43760.0,0.0931,0.181,-20.598,0.0403,89.406,0.222
Opera,5.0,0.931,0.227,174543.0,0.286,0.311,-8.905,0.0312,80.54,0.147
Opera,13.0,0.951,0.462,96732.0,0.311,0.151,-18.848,0.0364,107.775,0.71
Opera,5.0,0.98,0.411,152867.0,0.0453,0.258,-25.814,0.064,67.208,0.131
Opera,5.0,0.883,0.197,246813.0,0.244,0.628,-16.952,0.0417,146.636,0.141
Opera,6.0,0.96,0.148,332467.0,0.0867,0.371,-21.854,0.0464,91.145,0.037
Opera,5.0,0.971,0.278,262773.0,0.137,0.12,-15.976,0.0385,106.358,0.115
Opera,6.0,0.958,0.489,221693.0,0.11,0.498,-26.634,0.159,128.14,0.227
Opera,11.0,0.972,0.16,177213.0,0.0978,0.0806,-23.448,0.0428,89.293,0.0358
Opera,9.0,0.978,0.267,248267.0,0.164,0.0977,-16.873,0.0406,132.237,0.161
Opera,9.0,0.985,0.187,208267.0,0.275,0.686,-18.585,0.0814,83.447,0.0743
Opera,12.0,0.976,0.272,259533.0,0.073,0.0778,-16.596,0.0533,78.717,0.0365
Pop,97.0,0.323,0.826,238200.0,0.773,0.143,-4.218,0.0524,126.899,0.761
Pop,83.0,0.687,0.492,251034.0,0.275,0.101,-13.4,0.3,92.6,0.18
Pop,80.0,0.872,0.657,232533.0,0.291,0.114,-10.572,0.0293,103.973,0.298
Pop,79.0,0.0139,0.726,188174.0,0.431,0.054,-6.666,0.0554,85.889,0.86
Pop,77.0,0.0563,0.852,205879.0,0.553,0.332,-7.286,0.187,142.072,0.656
Pop,79.0,0.000297,0.618,248336.0,0.824,0.0649,-5.316,0.0301,121.238,0.598
Pop,76.0,0.308,0.538,182493.0,0.612,0.213,-6.02,0.424,168.197,0.684
Pop,79.0,0.00183,0.938,201707.0,0.5,0.077,-10.08,0.144,140.011,0.462
Pop,71.0,0.614,0.516,167207.0,0.638,0.099,-6.673,0.0796,180.216,0.642
Pop,79.0,0.0149,0.921,191252.0,0.467,0.334,-8.443,0.119,135.995,0.287
Pop,71.0,0.107,0.565,273133.0,0.873,0.332,-5.906,0.434,130.422,0.755
Pop,82.0,0.0776,0.643,195419.0,0.904,0.189,-3.694,0.0739,103.028,0.481
Pop,71.0,0.235,0.522,221538.0,0.428,0.278,-11.332,0.143,129.829,0.399
Pop,72.0,0.592,0.405,262600.0,0.505,0.121,-7.75,0.0458,164.971,0.318
Pop,73.0,0.0863,0.707,238627.0,0.813,0.168,-4.515,0.0571,124.921,0.722
Pop,72.0,0.0133,0.593,235232.0,0.632,0.64,-5.381,0.541,173.369,0.0789
Pop,73.0,0.0115,0.633,150467.0,0.478,0.103,-5.571,0.0359,159.951,0.692
Pop,74.0,0.203,0.878,157557.0,0.647,0.335,-4.566,0.0659,131.027,0.212
Pop,78.0,0.332,0.857,192600.0,0.801,0.0789,-6.499,0.0618,96.009,0.753
Pop,68.0,0.0338,0.566,264493.0,0.755,0.315,-5.526,0.0368,101.006,0.445
Pop,73.0,0.0109,0.72,187973.0,0.893,0.0729,-3.279,0.0376,100.96,0.795
Pop,65.0,0.0562,0.694,214573.0,0.891,0.561,-2.94,0.0949,97.939,0.563
Pop,77.0,0.0744,0.684,208163.0,0.823,0.111,-3.297,0.0773,91.048,0.647
Pop,75.0,0.546,0.522,288733.0,0.559,0.188,-13.641,0.0387,176.894,0.908
Pop,63.0,0.000218,0.631,189373.0,0.793,0.0976,-4.086,0.0468,136.96,0.648
Pop,69.0,0.313,0.81,295653.0,0.73,0.105,-5.209,0.223,157.003,0.568
Pop,69.0,0.00694,0.684,273336.0,0.858,0.0828,-4.266,0.0342,129.963,0.518
Pop,66.0,0.0594,0.506,192947.0,0.745,0.341,-6.044,0.331,161.808,0.311
Pop,61.0,0.304,0.594,337551.0,0.551,0.123,-6.57,0.147,77.482,0.371
Pop,62.0,0.106,0.767,189492.0,0.792,0.145,-5.053,0.225,119.168,0.699
Pop,66.0,0.0529,0.57,153657.0,0.606,0.134,-8.085,0.129,95.038,0.212
Pop,60.0,0.791,0.607,224573.0,0.367,0.106,-9.758,0.0288,139.959,0.546
Pop,67.0,0.0006,0.358,200707.0,0.708,0.281,-3.736,0.0315,150.966,0.227
Pop,61.0,0.315,0.766,212347.0,0.695,0.112,-5.564,0.341,90.805,0.766
Pop,65.0,0.631,0.399,213492.0,0.491,0.171,-8.992,0.0714,94.542,0.356
Pop,66.0,0.0116,0.77,163133.0,0.426,0.273,-5.717,0.0473,102.056,0.523
Pop,71.0,0.0824,0.331,205160.0,0.592,0.109,-6.127,0.0371,170.436,0.312
Pop,62.0,0.262,0.731,229808.0,0.432,0.12,-10.542,0.0931,102.592,0.248
Pop,66.0,0.875,0.468,296053.0,0.517,0.171,-7.049,0.0574,69.287,0.425
Pop,68.0,0.137,0.908,197307.0,0.638,0.22,-6.663,0.221,130.007,0.388
Pop,65.0,0.171,0.444,145640.0,0.943,0.297,-3.724,0.104,125.896,0.411
Pop,68.0,0.333,0.676,170507.0,0.619,0.165,-6.89,0.0633,96.045,0.309
Pop,63.0,0.298,0.687,186456.0,0.429,0.193,-6.524,0.0344,121.11,0.232
Pop,66.0,0.00457,0.334,206605.0,0.81,0.158,-4.855,0.0632,151.643,0.306
Pop,65.0,0.3,0.617,161827.0,0.686,0.105,-9.858,0.245,79.252,0.544
Pop,63.0,0.0306,0.722,232533.0,0.667,0.0856,-5.737,0.406,180.627,0.915
Pop,67.0,0.282,0.622,256493.0,0.503,0.112,-6.724,0.201,136.048,0.314
Pop,57.0,0.00143,0.632,196893.0,0.639,0.221,-5.938,0.0259,95.506,0.733
Pop,67.0,0.0542,0.779,153429.0,0.455,0.177,-15.025,0.28,140.181,0.197
Pop,65.0,0.721,0.849,182740.0,0.616,0.0584,-5.578,0.0406,109.523,0.963
Pop,61.0,0.0488,0.432,167693.0,0.656,0.256,-4.669,0.428,199.232,0.66
Pop,67.0,0.576,0.67,160293.0,0.7,0.226,-7.893,0.196,69.986,0.648
Pop,65.0,0.105,0.839,191479.0,0.63,0.0669,-7.047,0.0805,106.0,0.393
Pop,71.0,0.0352,0.745,191255.0,0.719,0.0639,-4.291,0.19,99.962,0.611
Reggae,56.0,0.0164,0.673,225133.0,0.902,0.269,-4.886,0.0553,97.007,0.704
Reggae,63.0,0.0299,0.749,244253.0,0.849,0.115,-5.761,0.0544,145.169,0.959
Reggae,52.0,0.00812,0.564,261400.0,0.776,0.155,-7.568,0.0364,145.067,0.685
Reggae,48.0,0.663,0.704,149613.0,0.437,0.873,-9.976,0.0459,113.506,0.709
Reggae,45.0,0.307,0.642,256000.0,0.692,0.0975,-5.721,0.0532,110.994,0.185
Reggae,57.0,0.609,0.464,186653.0,0.464,0.106,-7.027,0.0752,180.235,0.335
Reggae,43.0,0.027,0.622,183507.0,0.922,0.0123,-2.154,0.174,179.968,0.791
Classical,47.0,0.991,0.15,272027.0,0.0969,0.127,-20.803,0.0425,81.014,0.0361
Classical,43.0,0.995,0.369,375360.0,0.0206,0.109,-26.218,0.037,131.913,0.0374
Classical,43.0,0.996,0.255,119907.0,0.00899,0.104,-35.243,0.04,68.704,0.0619
Classical,46.0,0.995,0.44,284640.0,0.00506,0.0643,-35.112,0.0528,70.188,0.115
Classical,37.0,0.97,0.212,307040.0,0.0593,0.079,-24.514,0.0372,78.596,0.172
Classical,11.0,0.963,0.131,1438427.0,0.137,0.103,-17.305,0.0356,80.594,0.0399
Classical,41.0,0.953,0.443,152116.0,0.161,0.107,-18.961,0.0419,104.6,0.42
Classical,37.0,0.355,0.329,311866.0,0.495,0.151,-9.617,0.0386,76.806,0.189
Classical,48.0,0.862,0.0916,247507.0,0.104,0.255,-20.199,0.0407,86.803,0.0364
Classical,5.0,0.712,0.244,106400.0,0.159,0.114,-14.939,0.0313,77.457,0.0679
Classical,38.0,0.994,0.4,237320.0,0.0222,0.0939,-27.045,0.0424,133.048,0.0671
Classical,3.0,0.962,0.233,371973.0,0.0165,0.101,-29.267,0.0451,118.868,0.0498
Classical,38.0,0.99,0.223,1747733.0,0.251,0.0551,-17.652,0.0349,84.358,0.0374
Classical,2.0,0.974,0.359,223600.0,0.112,0.351,-22.657,0.0452,125.904,0.329
Classical,46.0,0.595,0.694,299147.0,0.293,0.132,-16.278,0.0431,143.804,0.637
Classical,38.0,0.975,0.0949,329956.0,0.103,0.128,-24.069,0.0455,86.533,0.039
Classical,37.0,0.994,0.243,92467.0,0.00993,0.1,-33.111,0.0431,168.758,0.136
Classical,9.0,0.983,0.539,65387.0,0.0731,0.1,-16.839,0.0435,90.326,0.917
Classical,33.0,1.28e-05,0.469,195453.0,0.974,0.275,-3.887,0.158,110.003,0.314
Classical,39.0,0.98,0.32,124320.0,0.141,0.0718,-20.927,0.0378,97.753,0.219
Classical,42.0,0.929,0.237,183667.0,0.364,0.157,-13.701,0.0363,93.578,0.151
Classical,10.0,0.914,0.226,206787.0,0.168,0.196,-10.92,0.0366,112.645,0.076
Classical,35.0,0.972,0.15,521507.0,0.0198,0.0696,-32.989,0.0458,73.768,0.051
Classical,41.0,0.956,0.4,299813.0,0.0369,0.105,-28.803,0.0387,136.393,0.231
Classical,39.0,0.979,0.309,63280.0,0.362,0.137,-17.259,0.0404,93.528,0.81
Classical,5.0,0.991,0.457,414133.0,0.00902,0.0688,-21.832,0.106,66.623,0.0389
Classical,31.0,0.982,0.25,457027.0,0.0264,0.0943,-21.332,0.0411,114.675,0.0787
Classical,30.0,0.902,0.216,663160.0,0.148,0.0748,-18.504,0.0429,126.505,0.0345
Classical,31.0,0.985,0.512,111120.0,0.0717,0.0788,-24.234,0.0399,79.684,0.58
Classical,36.0,0.995,0.285,114602.0,0.0428,0.175,-28.391,0.0473,75.83,0.284
Classical,31.0,0.935,0.208,301000.0,0.0957,0.0984,-21.794,0.0461,87.218,0.173
Classical,35.0,0.989,0.268,224000.0,0.189,0.114,-17.844,0.0407,66.637,0.111
Classical,32.0,0.878,0.167,130267.0,0.0406,0.287,-26.132,0.0461,80.42,0.0367
Classical,33.0,0.974,0.234,189573.0,0.0381,0.12,-21.165,0.0432,81.829,0.0673
Classical,33.0,0.983,0.254,308680.0,0.0455,0.0954,-27.593,0.04,125.116,0.0828
Classical,28.0,0.956,0.17,222267.0,0.00581,0.0722,-37.728,0.0478,125.782,0.0273
Classical,34.0,0.993,0.34,238253.0,0.0387,0.0987,-27.669,0.0354,131.845,0.0861
Classical,24.0,0.954,0.231,494800.0,0.0586,0.0874,-22.893,0.05,79.251,0.0395
Classical,26.0,0.98,0.553,212990.0,0.133,0.0839,-21.004,0.0469,116.205,0.166
Classical,31.0,0.968,0.484,375987.0,0.276,0.0954,-13.656,0.0418,135.738,0.542
Classical,31.0,0.995,0.464,192800.0,0.118,0.0931,-24.641,0.0575,158.408,0.789
Classical,35.0,0.937,0.235,197547.0,0.0564,0.108,-29.436,0.042,94.294,0.0382
Classical,33.0,0.936,0.393,675707.0,0.232,0.408,-22.025,0.0476,118.946,0.312
Classical,29.0,0.608,0.162,147480.0,0.247,0.354,-17.855,0.0407,93.173,0.0972
Classical,35.0,8.18e-05,0.446,441587.0,0.895,0.357,-7.009,0.0639,129.98,0.215
Classical,29.0,0.987,0.24,576067.0,0.103,0.0763,-23.251,0.0453,174.645,0.0509
Classical,32.0,0.647,0.125,165960.0,0.46,0.0666,-12.369,0.044,88.506,0.0358
Classical,32.0,0.97,0.0992,260640.0,0.19,0.378,-15.313,0.0429,64.857,0.0511
Classical,26.0,0.966,0.214,244840.0,0.275,0.227,-14.64,0.0467,82.495,0.213
Classical,26.0,0.991,0.418,492000.0,0.00295,0.105,-33.862,0.0468,79.596,0.0961
Classical,27.0,0.749,0.167,245000.0,0.122,0.148,-19.413,0.0474,113.286,0.0356
Classical,31.0,0.979,0.412,225054.0,0.236,0.137,-18.97,0.0448,119.541,0.132
Classical,4.0,0.806,0.294,176200.0,0.0414,0.689,-23.133,0.0461,117.829,0.108
Classical,30.0,0.871,0.126,215737.0,0.174,0.109,-17.45,0.0452,75.222,0.072
Classical,35.0,6.46e-06,0.434,254933.0,0.975,0.294,-5.221,0.0998,143.097,0.368
Classical,32.0,0.00544,0.521,452453.0,0.686,0.181,-5.444,0.0339,130.033,0.404
Classical,22.0,0.365,0.528,252680.0,0.281,0.11,-13.871,0.0291,95.748,0.0516
Classical,29.0,0.968,0.153,659573.0,0.0891,0.0737,-23.807,0.0411,92.475,0.0394
Classical,30.0,0.614,0.1,366730.0,0.183,0.105,-18.615,0.0409,73.549,0.0334
Classical,21.0,0.96,0.251,521867.0,0.0215,0.0969,-26.249,0.0461,125.918,0.0664
Classical,25.0,0.988,0.321,278693.0,0.134,0.119,-18.973,0.0848,99.831,0.488
Classical,25.0,0.989,0.301,231827.0,0.00602,0.0917,-34.733,0.0414,83.628,0.224
Classical,26.0,0.961,0.427,175000.0,0.105,0.141,-20.028,0.0546,148.198,0.239
Reggae,41.0,0.0106,0.743,219600.0,0.445,0.0871,-8.695,0.0641,75.001,0.418
Reggae,42.0,0.124,0.684,213308.0,0.76,0.0843,-6.194,0.035,147.971,0.962
Reggae,55.0,0.122,0.579,384800.0,0.486,0.156,-10.87,0.199,175.694,0.853
Reggae,38.0,0.113,0.803,204587.0,0.599,0.285,-5.189,0.0437,110.066,0.68
Reggae,44.0,0.373,0.576,206020.0,0.63,0.096,-6.545,0.332,78.226,0.131
Reggae,43.0,0.0167,0.644,571400.0,0.801,0.0804,-5.525,0.23,100.8,0.721
Reggae,40.0,0.337,0.731,235427.0,0.45,0.388,-9.641,0.0541,157.418,0.756
Reggae,36.0,0.0422,0.628,287867.0,0.779,0.0541,-4.469,0.0857,99.999,0.724
Reggae,36.0,0.181,0.764,230813.0,0.471,0.641,-10.377,0.207,170.026,0.368
Reggae,34.0,0.15,0.698,181800.0,0.727,0.292,-4.602,0.0398,94.216,0.669
Reggae,35.0,0.658,0.679,259648.0,0.598,0.103,-5.664,0.0372,143.852,0.929
Reggae,35.0,0.0397,0.885,203276.0,0.429,0.192,-6.865,0.0382,94.997,0.797
Reggae,40.0,0.0152,0.739,164400.0,0.896,0.386,-7.335,0.0709,98.039,0.664
Reggae,36.0,0.635,0.874,185333.0,0.451,0.0937,-8.673,0.061,78.335,0.616
Reggae,44.0,0.0251,0.854,217160.0,0.415,0.0698,-9.204,0.108,131.992,0.527
Reggae,40.0,0.00402,0.445,342227.0,0.744,0.349,-6.479,0.0428,120.952,0.14
Reggae,42.0,0.121,0.733,245679.0,0.627,0.078,-9.835,0.0362,150.061,0.713
Reggae,32.0,0.291,0.803,261808.0,0.727,0.135,-7.401,0.0748,92.974,0.711
Reggae,30.0,0.125,0.948,213333.0,0.303,0.0849,-11.869,0.125,125.024,0.963
Reggae,32.0,0.00669,0.684,223373.0,0.74,0.0652,-4.997,0.0327,128.013,0.724
Reggae,47.0,0.0289,0.798,384733.0,0.607,0.166,-4.845,0.0614,152.911,0.906
Reggae,39.0,0.295,0.718,222360.0,0.715,0.073,-5.079,0.239,125.006,0.822
Reggae,33.0,0.054,0.445,255813.0,0.786,0.294,-5.435,0.0685,159.884,0.142
Reggae,38.0,0.0513,0.736,403520.0,0.607,0.104,-9.769,0.0694,96.272,0.624
Reggae,51.0,0.0163,0.699,246400.0,0.699,0.0651,-6.936,0.0618,175.971,0.745
Reggae,33.0,0.0648,0.47,290000.0,0.58,0.0573,-10.902,0.237,157.532,0.51
Reggae,48.0,0.0773,0.895,195040.0,0.617,0.0648,-6.252,0.178,144.953,0.821
Reggae,28.0,0.00527,0.502,421680.0,0.852,0.756,-8.454,0.18,153.834,0.722
Reggae,39.0,0.0788,0.591,292947.0,0.794,0.358,-2.994,0.125,82.533,0.678
Reggae,34.0,0.0809,0.817,224640.0,0.402,0.151,-12.919,0.12,78.833,0.778
Reggae,33.0,0.207,0.611,245867.0,0.523,0.651,-10.0,0.112,136.426,0.481
Reggae,39.0,0.126,0.772,221720.0,0.62,0.266,-5.527,0.159,80.885,0.89
Reggae,33.0,0.0906,0.7,195174.0,0.649,0.0915,-7.421,0.0349,91.015,0.383
Reggae,31.0,0.00456,0.448,226560.0,0.887,0.805,-5.346,0.253,92.656,0.508
Reggae,31.0,0.00589,0.719,187817.0,0.872,0.257,-4.355,0.0264,107.01,0.909
Reggae,44.0,0.328,0.496,217880.0,0.611,0.175,-7.516,0.0963,78.777,0.763
Reggae,26.0,0.108,0.951,159133.0,0.469,0.257,-11.246,0.0621,107.067,0.866
Reggae,25.0,0.132,0.523,261227.0,0.708,0.209,-6.346,0.0535,80.933,0.828
Reggae,35.0,0.00165,0.521,226347.0,0.949,0.269,-4.127,0.0655,167.925,0.848
Reggae,51.0,0.000118,0.383,329800.0,0.947,0.106,-4.303,0.0687,180.022,0.445
Reggae,32.0,0.0212,0.769,377160.0,0.528,0.294,-8.909,0.264,71.872,0.637
Reggae,31.0,0.121,0.6,218331.0,0.663,0.0922,-7.846,0.129,118.481,0.447
Reggae,34.0,0.101,0.57,132800.0,0.69,0.324,-8.245,0.0401,132.622,0.49
Reggae,26.0,0.0167,0.4,117013.0,0.523,0.331,-8.561,0.0635,156.75,0.489
Reggae,33.0,0.13,0.746,227053.0,0.768,0.366,-4.22,0.316,79.689,0.812
Reggae,34.0,0.128,0.882,233012.0,0.56,0.157,-8.201,0.0554,120.001,0.78
Reggae,23.0,0.197,0.696,266000.0,0.895,0.164,-4.037,0.245,108.017,0.81
Reggae,31.0,0.144,0.797,313853.0,0.548,0.295,-7.329,0.0305,120.024,0.764
Reggae,22.0,0.324,0.595,210500.0,0.874,0.293,-4.019,0.0341,88.049,0.827
Reggae,22.0,0.107,0.593,195920.0,0.807,0.247,-5.89,0.0317,120.005,0.843
Reggae,28.0,0.0835,0.806,216893.0,0.561,0.101,-10.858,0.128,138.752,0.637
Reggae,24.0,0.184,0.698,261320.0,0.45,0.138,-10.538,0.0523,75.924,0.784
Reggae,23.0,0.302,0.695,217053.0,0.556,0.112,-8.316,0.197,77.037,0.583
Reggae,38.0,0.137,0.849,195107.0,0.73,0.159,-8.273,0.0507,125.039,0.712
Reggae,36.0,0.0174,0.736,539146.0,0.691,0.097,-9.307,0.0385,114.988,0.377
Reggae,32.0,0.0514,0.757,248160.0,0.791,0.0895,-6.706,0.049,98.008,0.821
Reggae,32.0,0.0167,0.781,172873.0,0.854,0.0409,-5.156,0.31,101.732,0.879
Reggae,32.0,0.0162,0.773,327267.0,0.315,0.353,-11.268,0.136,119.418,0.49
Reggae,22.0,0.00246,0.676,150094.0,0.554,0.191,-10.282,0.0295,134.995,0.627
Reggae,22.0,0.0184,0.808,249067.0,0.72,0.378,-6.848,0.245,91.133,0.445
Reggae,53.0,0.682,0.785,220320.0,0.599,0.108,-6.297,0.0661,81.931,0.961
Reggae,28.0,0.497,0.543,131267.0,0.479,0.105,-10.418,0.0508,123.574,0.0888
Reggae,52.0,0.228,0.914,263800.0,0.78,0.174,-5.459,0.0368,133.01,0.968
Reggae,20.0,0.271,0.887,237360.0,0.717,0.127,-3.965,0.115,124.059,0.953
Reggae,29.0,0.0798,0.82,293198.0,0.573,0.0286,-13.485,0.153,139.609,0.884
Reggae,30.0,0.139,0.818,257733.0,0.691,0.728,-5.144,0.0756,144.177,0.937
Reggae,30.0,0.274,0.673,272507.0,0.625,0.433,-8.522,0.0524,153.764,0.783
Reggae,27.0,0.219,0.713,180619.0,0.658,0.148,-6.463,0.155,96.971,0.685
Reggae,26.0,0.142,0.633,200620.0,0.755,0.144,-6.05,0.207,63.634,0.613
Reggaeton,70.0,0.0353,0.748,233251.0,0.69,0.315,-3.812,0.0477,131.972,0.433
Reggaeton,73.0,0.11,0.761,208000.0,0.791,0.119,-4.357,0.0425,94.029,0.907
Reggaeton,64.0,0.663,0.437,197333.0,0.733,0.112,-2.596,0.226,179.91,0.662
Reggaeton,61.0,0.195,0.774,187027.0,0.931,0.0793,-2.48,0.0512,92.026,0.744
Reggaeton,58.0,0.045,0.921,220320.0,0.439,0.118,-7.208,0.0655,123.969,0.905
Reggaeton,59.0,0.502,0.933,141578.0,0.637,0.138,-5.702,0.051,122.036,0.579
Reggaeton,61.0,0.131,0.887,211000.0,0.87,0.13,-5.341,0.0644,118.007,0.899
Reggaeton,51.0,0.0892,0.784,207720.0,0.812,0.106,-4.499,0.0588,100.006,0.704
Reggaeton,57.0,0.429,0.74,192323.0,0.658,0.0845,-3.213,0.0497,103.913,0.64
Jazz,68.0,0.33,0.691,251253.0,0.873,0.0362,-8.758,0.0382,93.685,0.916
Jazz,59.0,0.106,0.519,201627.0,0.392,0.139,-13.33,0.0559,86.123,0.253
Jazz,57.0,0.33,0.691,135215.0,0.572,0.109,-7.503,0.0339,93.007,0.801
Jazz,55.0,0.00781,0.727,341200.0,0.605,0.224,-8.303,0.0711,181.539,0.687
Jazz,54.0,0.0887,0.655,239107.0,0.779,0.128,-7.316,0.0495,89.995,0.146
Jazz,59.0,0.864,0.584,223067.0,0.29,0.122,-11.226,0.0308,91.405,0.257
Jazz,53.0,0.87,0.721,50509.0,0.175,0.107,-12.387,0.0717,80.965,0.632
Jazz,50.0,0.715,0.49,388027.0,0.41,0.2,-9.77,0.0671,138.873,0.68
Jazz,46.0,0.968,0.338,167467.0,0.184,0.121,-15.015,0.0347,73.14,0.293
Jazz,50.0,0.856,0.476,171533.0,0.284,0.0909,-10.999,0.0337,68.556,0.433
Jazz,48.0,0.386,0.834,273080.0,0.523,0.104,-6.845,0.205,92.688,0.851
Jazz,49.0,0.013,0.526,231907.0,0.819,0.664,-8.364,0.139,146.231,0.664
Jazz,52.0,0.884,0.255,127333.0,0.373,0.112,-9.198,0.0297,104.325,0.355
Jazz,47.0,0.843,0.447,113293.0,0.487,0.177,-6.783,0.062,182.516,0.696
Jazz,39.0,0.146,0.617,228440.0,0.637,0.0773,-9.022,0.107,145.918,0.403
Jazz,46.0,0.597,0.475,251163.0,0.415,0.211,-11.496,0.0431,172.225,0.0809
Jazz,45.0,0.961,0.677,179640.0,0.193,0.1,-11.26,0.0432,92.877,0.481
Jazz,45.0,0.635,0.515,250360.0,0.336,0.0637,-9.812,0.0286,152.405,0.327
Jazz,49.0,0.777,0.592,149560.0,0.522,0.219,-9.922,0.217,150.452,0.808
Jazz,50.0,0.661,0.696,261144.0,0.649,0.0747,-7.896,0.0485,134.919,0.927
Jazz,51.0,0.862,0.644,196560.0,0.163,0.108,-15.349,0.0372,140.447,0.497
Jazz,40.0,0.87,0.314,256720.0,0.504,0.0942,-4.999,0.0318,147.175,0.274
Jazz,50.0,0.154,0.836,359213.0,0.709,0.0894,-9.135,0.0352,145.952,0.969
Jazz,50.0,0.75,0.823,285547.0,0.753,0.0595,-4.671,0.0514,95.045,0.896
Jazz,52.0,0.618,0.422,227760.0,0.832,0.962,-6.436,0.116,132.752,0.527
Jazz,43.0,0.625,0.707,292307.0,0.711,0.049,-2.651,0.0348,94.05,0.865
Jazz,42.0,0.0669,0.421,385344.0,0.597,0.133,-7.529,0.0395,92.919,0.382
Jazz,40.0,0.00244,0.558,362227.0,0.806,0.0899,-9.817,0.0395,115.014,0.885
Jazz,40.0,0.000432,0.366,327272.0,0.853,0.288,-3.347,0.0492,154.159,0.289
Jazz,40.0,0.0234,0.605,145880.0,0.666,0.0841,-5.77,0.0413,100.138,0.0865
Jazz,40.0,0.938,0.422,333000.0,0.261,0.137,-16.795,0.0337,115.136,0.177
Pop,61.0,0.102,0.624,239160.0,0.459,0.117,-6.035,0.0321,119.048,0.122
Pop,66.0,0.192,0.622,165744.0,0.694,0.41,-4.581,0.034,124.123,0.75
Pop,59.0,0.791,0.465,318493.0,0.269,0.139,-12.14,0.0311,131.391,0.184
Pop,66.0,0.374,0.625,194733.0,0.6,0.151,-7.75,0.0291,85.959,0.18
Pop,60.0,0.00703,0.575,205773.0,0.765,0.331,-6.608,0.0345,98.037,0.407
Pop,60.0,0.398,0.42,302547.0,0.744,0.192,-5.033,0.396,161.792,0.324
Pop,66.0,0.32,0.633,228173.0,0.764,0.234,-7.212,0.323,94.971,0.522
Pop,61.0,0.00435,0.792,159560.0,0.688,0.0972,-4.008,0.0386,124.987,0.502
Pop,65.0,0.0373,0.719,166693.0,0.736,0.193,-7.517,0.052,92.179,0.757
Pop,70.0,0.511,0.649,224987.0,0.412,0.356,-4.607,0.029,144.014,0.371
Pop,67.0,0.00414,0.469,241560.0,0.427,0.128,-7.954,0.0241,84.053,0.0821
Pop,65.0,0.641,0.656,265560.0,0.225,0.101,-11.777,0.0313,106.023,0.156
Pop,62.0,0.738,0.567,496173.0,0.455,0.708,-11.75,0.496,127.002,0.351
Pop,60.0,0.226,0.682,206350.0,0.535,0.0947,-7.577,0.359,77.941,0.666
Pop,64.0,0.661,0.741,217200.0,0.468,0.111,-6.289,0.0438,139.93,0.735
Pop,60.0,0.284,0.737,222760.0,0.623,0.105,-6.665,0.0401,109.967,0.491
Pop,70.0,0.758,0.442,190263.0,0.246,0.261,-12.825,0.034,77.593,0.362
Pop,59.0,0.0121,0.607,265960.0,0.936,0.309,-3.071,0.033,117.303,0.517
Pop,64.0,0.0314,0.681,161963.0,0.768,0.0839,-4.356,0.0774,162.976,0.718
Pop,63.0,0.118,0.529,199867.0,0.871,0.115,-5.831,0.155,189.837,0.272
Pop,57.0,0.023,0.706,277947.0,0.569,0.0731,-7.044,0.0861,159.824,0.71
Pop,58.0,0.548,0.763,221493.0,0.853,0.104,-4.321,0.251,92.485,0.496
Pop,59.0,0.265,0.699,254467.0,0.668,0.141,-5.305,0.106,83.074,0.472
Pop,64.0,0.593,0.636,238467.0,0.264,0.275,-14.567,0.0263,99.304,0.264
Pop,61.0,0.0625,0.765,193200.0,0.692,0.106,-3.452,0.0491,99.983,0.519
Pop,63.0,0.819,0.679,189360.0,0.646,0.337,-3.342,0.0275,125.036,0.706
Pop,54.0,0.0166,0.664,180373.0,0.785,0.0496,-4.985,0.0688,103.91,0.688
Pop,64.0,0.181,0.747,176627.0,0.671,0.061,-5.737,0.0332,120.98,0.681
Rock,55.0,0.184,0.578,202733.0,0.713,0.102,-6.868,0.0578,140.72,0.741
Rock,60.0,0.000369,0.561,179227.0,0.774,0.0469,-3.622,0.0737,164.008,0.903
Rock,64.0,0.932,0.335,184800.0,0.303,0.0907,-10.943,0.0315,114.224,0.186
Rock,63.0,0.807,0.487,304293.0,0.25,0.0797,-9.846,0.0289,102.614,0.496
Rock,59.0,0.507,0.581,116160.0,0.821,0.108,-4.387,0.0318,136.145,0.968
Rock,51.0,0.0112,0.724,196778.0,0.74,0.241,-6.416,0.0495,158.023,0.376
Rock,58.0,0.00299,0.739,188800.0,0.847,0.49,-3.709,0.0682,100.003,0.539
Rock,54.0,0.0608,0.696,189893.0,0.886,0.585,-3.713,0.0291,112.52,0.801
Rock,59.0,0.0104,0.587,284893.0,0.772,0.0929,-7.118,0.03,98.989,0.165
Rock,50.0,0.315,0.516,267627.0,0.547,0.163,-9.693,0.0273,113.417,0.741
Rock,57.0,0.535,0.679,188133.0,0.639,0.0795,-4.979,0.0251,104.998,0.315
Rock,57.0,0.00857,0.546,266507.0,0.676,0.338,-5.776,0.0387,135.706,0.262
Rock,59.0,0.882,0.429,293973.0,0.093,0.111,-15.944,0.0433,129.661,0.208
Rock,53.0,0.0175,0.573,173152.0,0.715,0.135,-7.016,0.0497,96.439,0.0881
Rock,56.0,0.445,0.745,223533.0,0.71,0.323,-9.429,0.0304,113.214,0.664
Rock,54.0,0.432,0.652,192960.0,0.744,0.0895,-10.054,0.0284,109.307,0.94
Rock,50.0,0.426,0.511,296058.0,0.519,0.121,-7.794,0.0408,146.968,0.0953
Rock,51.0,0.0312,0.504,294240.0,0.718,0.0946,-5.871,0.0277,90.05,0.357
Rock,53.0,0.00567,0.427,219760.0,0.959,0.151,-4.67,0.0711,84.979,0.398
Rock,62.0,0.1,0.539,209829.0,0.894,0.1,-4.483,0.0469,90.004,0.509
Rock,55.0,0.226,0.386,200453.0,0.693,0.153,-3.141,0.0315,155.937,0.395
Rock,55.0,0.346,0.602,180013.0,0.601,0.0735,-5.742,0.0303,145.075,0.553
Rock,54.0,0.719,0.738,204533.0,0.316,0.145,-10.763,0.0357,88.172,0.377
Rock,60.0,0.00406,0.334,153600.0,0.898,0.162,-6.821,0.196,110.364,0.226
Rock,49.0,0.000291,0.549,218100.0,0.801,0.485,-6.622,0.0367,113.849,0.461
Rock,51.0,0.165,0.727,179000.0,0.477,0.114,-7.667,0.055,90.964,0.621
Rock,59.0,0.646,0.722,162547.0,0.451,0.348,-9.035,0.052,137.875,0.458
Rock,52.0,0.00778,0.42,132507.0,0.792,0.214,-5.909,0.028,175.389,0.712
Rock,49.0,0.0775,0.459,330533.0,0.702,0.374,-10.109,0.0937,103.085,0.252
Rock,55.0,0.12,0.585,184676.0,0.542,0.0486,-9.113,0.102,167.825,0.584
Reggaeton,57.0,0.143,0.813,207209.0,0.476,0.139,-7.08,0.22,171.783,0.406
Reggaeton,53.0,0.206,0.792,284654.0,0.552,0.144,-8.472,0.336,125.002,0.224
Reggaeton,56.0,0.367,0.706,229640.0,0.701,0.0861,-5.259,0.0536,179.996,0.707
Reggaeton,53.0,0.213,0.793,175047.0,0.746,0.147,-7.405,0.0545,95.987,0.603
Reggaeton,49.0,0.518,0.708,231549.0,0.732,0.0852,-7.573,0.135,83.846,0.63
Reggaeton,47.0,0.33,0.849,213653.0,0.847,0.0629,-4.81,0.133,94.94,0.82
Reggaeton,46.0,0.518,0.752,179026.0,0.555,0.177,-8.37,0.0485,90.018,0.454
Reggaeton,44.0,0.134,0.898,260300.0,0.434,0.156,-10.65,0.38,132.021,0.318
Reggaeton,46.0,0.0109,0.682,220267.0,0.954,0.217,-2.478,0.0475,123.057,0.888
Reggaeton,47.0,0.24,0.794,189320.0,0.746,0.0637,-4.881,0.111,178.032,0.739
Reggaeton,46.0,0.197,0.769,194560.0,0.889,0.0895,-5.458,0.0899,99.944,0.81
Reggaeton,47.0,0.305,0.792,237027.0,0.899,0.0966,-3.166,0.0965,97.021,0.766
Reggaeton,43.0,0.392,0.727,225453.0,0.579,0.249,-7.87,0.0561,94.02,0.612
Reggaeton,41.0,0.219,0.592,215373.0,0.918,0.805,-3.434,0.0424,165.85,0.805
Reggaeton,38.0,0.0853,0.661,241551.0,0.654,0.0959,-5.181,0.121,144.032,0.265
Reggaeton,39.0,0.488,0.737,424112.0,0.766,0.27,-5.406,0.188,88.027,0.568
Reggaeton,41.0,0.124,0.677,185224.0,0.558,0.0786,-5.718,0.183,95.115,0.344
Reggaeton,36.0,0.327,0.749,202347.0,0.596,0.227,-5.683,0.272,79.88,0.515
Reggaeton,28.0,0.388,0.712,281273.0,0.845,0.475,-4.947,0.0815,167.971,0.932
Reggaeton,46.0,0.469,0.727,249560.0,0.631,0.0765,-6.445,0.0871,160.043,0.86
Reggaeton,30.0,0.23,0.776,264840.0,0.858,0.0304,-5.235,0.179,95.995,0.611
Reggaeton,34.0,0.0554,0.749,224240.0,0.664,0.659,-6.245,0.233,172.04,0.73
Reggaeton,35.0,0.201,0.722,246602.0,0.588,0.486,-8.202,0.258,98.8,0.631
Reggaeton,36.0,0.137,0.636,190573.0,0.807,0.0816,-9.234,0.133,123.684,0.61
Reggaeton,33.0,0.181,0.782,195920.0,0.884,0.881,-4.504,0.0796,107.999,0.879
Reggaeton,38.0,0.232,0.872,186773.0,0.688,0.233,-5.158,0.111,91.984,0.541
Reggaeton,38.0,0.139,0.788,217177.0,0.78,0.311,-8.457,0.0674,110.007,0.901
Reggaeton,31.0,0.182,0.858,264800.0,0.625,0.0648,-7.471,0.133,109.999,0.798
Reggaeton,31.0,0.165,0.692,220134.0,0.73,0.0482,-6.807,0.051,168.017,0.875
Reggaeton,36.0,0.143,0.864,242067.0,0.696,0.0482,-3.342,0.0617,130.01,0.774
Reggaeton,37.0,0.203,0.776,241827.0,0.6,0.926,-11.163,0.1,93.004,0.721
Reggaeton,34.0,0.352,0.831,300208.0,0.715,0.123,-8.188,0.169,105.01,0.594
Reggaeton,38.0,0.132,0.801,250133.0,0.629,0.111,-5.552,0.321,167.346,0.717
Reggaeton,28.0,0.616,0.698,224093.0,0.702,0.291,-5.343,0.0384,96.01,0.769
Reggaeton,28.0,0.617,0.794,188976.0,0.537,0.0668,-8.271,0.0771,93.974,0.966
Reggaeton,38.0,0.206,0.665,215041.0,0.58,0.163,-7.398,0.143,92.054,0.596
Reggaeton,31.0,0.103,0.725,156133.0,0.844,0.143,-5.51,0.0492,94.018,0.474
Reggaeton,28.0,0.224,0.821,228147.0,0.939,0.231,-4.217,0.0434,110.021,0.944
Reggaeton,34.0,0.193,0.687,213187.0,0.927,0.107,-4.187,0.0658,98.01,0.857
Reggaeton,30.0,0.0106,0.765,262147.0,0.845,0.263,-4.054,0.05,172.029,0.71
Reggaeton,21.0,0.333,0.739,201853.0,0.67,0.329,-7.761,0.0404,96.982,0.447
Reggaeton,33.0,0.291,0.701,173760.0,0.907,0.259,-3.585,0.0632,90.01,0.852
Reggaeton,23.0,0.00341,0.76,281373.0,0.895,0.868,-5.142,0.0994,106.678,0.832
Reggaeton,35.0,0.0556,0.66,210227.0,0.844,0.379,-3.277,0.0504,98.053,0.647
Reggaeton,38.0,0.0912,0.725,191523.0,0.84,0.0798,-4.59,0.23,184.025,0.922
Reggaeton,19.0,0.222,0.763,209347.0,0.841,0.0642,-4.015,0.201,88.051,0.606
Reggaeton,26.0,0.0836,0.707,223253.0,0.764,0.0786,-6.487,0.105,171.997,0.918
Reggaeton,30.0,0.0256,0.579,266080.0,0.783,0.216,-6.623,0.173,184.257,0.523
Reggaeton,26.0,0.235,0.798,226667.0,0.718,0.0884,-5.89,0.0521,90.037,0.834
Reggaeton,33.0,0.0668,0.564,162333.0,0.755,0.0606,-4.778,0.0653,83.822,0.352
Reggaeton,19.0,0.223,0.713,206987.0,0.625,0.114,-8.407,0.0249,83.01,0.711
Reggaeton,25.0,0.467,0.66,265587.0,0.547,0.0706,-7.389,0.0447,135.98,0.319
Reggaeton,27.0,0.176,0.714,203885.0,0.552,0.119,-8.496,0.105,179.869,0.745
Reggaeton,23.0,0.353,0.643,223293.0,0.766,0.0638,-5.101,0.0539,172.043,0.58
Reggaeton,35.0,0.075,0.722,217500.0,0.775,0.0873,-5.128,0.0609,91.966,0.896
Reggaeton,17.0,0.14,0.842,161613.0,0.605,0.0627,-5.298,0.403,91.991,0.619
Reggaeton,27.0,0.471,0.827,185080.0,0.903,0.187,-5.226,0.14,85.029,0.585
Reggaeton,29.0,0.644,0.877,252653.0,0.749,0.292,-3.408,0.058,144.067,0.96
Reggaeton,27.0,0.0789,0.737,222360.0,0.81,0.065,-7.071,0.0407,95.011,0.705
Reggaeton,25.0,0.575,0.73,172907.0,0.666,0.33,-4.086,0.189,85.975,0.253
Reggaeton,28.0,0.153,0.755,223521.0,0.667,0.0862,-4.163,0.0497,91.997,0.681
Reggaeton,29.0,0.265,0.74,243587.0,0.767,0.205,-2.903,0.0438,92.011,0.677
Reggaeton,12.0,0.0225,0.607,165053.0,0.897,0.987,-5.351,0.0894,107.809,0.36
Reggaeton,20.0,0.313,0.728,199160.0,0.881,0.144,-3.22,0.0414,127.981,0.944
Reggaeton,22.0,0.189,0.774,172533.0,0.707,0.463,-9.522,0.279,95.049,0.593
Reggaeton,20.0,0.046,0.831,212187.0,0.81,0.0497,-5.93,0.205,119.997,0.836
Reggaeton,25.0,0.408,0.58,212013.0,0.58,0.109,-6.492,0.0295,135.929,0.275
Reggaeton,34.0,0.0699,0.704,210796.0,0.897,0.317,-4.049,0.0721,97.013,0.904
Reggaeton,23.0,0.82,0.72,215954.0,0.752,0.326,-3.305,0.033,91.577,0.846
Rock,71.0,0.0801,0.635,208760.0,0.675,0.0831,-3.445,0.0263,113.946,0.273
Rock,75.0,0.385,0.525,194187.0,0.685,0.0731,-3.954,0.0351,78.003,0.54
Rock,73.0,0.214,0.668,231933.0,0.906,0.135,-4.881,0.17,135.653,0.507
Rock,66.0,0.0117,0.292,275395.0,0.823,0.155,-6.763,0.0407,89.939,0.244
Rock,65.0,0.0186,0.486,257227.0,0.563,0.074,-12.264,0.0334,105.538,0.678
Rock,69.0,0.00584,0.478,177280.0,0.915,0.386,-3.858,0.0652,154.955,0.703
Rock,67.0,0.0414,0.555,335267.0,0.89,0.147,-5.533,0.0309,96.987,0.513
Rock,67.0,0.349,0.689,320654.0,0.338,0.0649,-7.634,0.0629,128.012,0.568
Rock,67.0,0.0134,0.656,186627.0,0.696,0.0753,-5.917,0.0261,108.015,0.966
Classical,26.0,0.994,0.48,265960.0,0.076,0.119,-19.035,0.0448,75.432,0.106
Jazz,45.0,0.147,0.912,232381.0,0.852,0.0496,-5.599,0.118,125.989,0.817
Jazz,37.0,0.424,0.825,201600.0,0.862,0.285,-2.072,0.0575,103.492,0.965
Jazz,40.0,0.178,0.639,86163.0,0.265,0.112,-10.29,0.197,78.039,0.298
Jazz,40.0,0.351,0.583,267320.0,0.861,0.101,-9.453,0.0684,98.463,0.96
Jazz,41.0,0.911,0.827,166440.0,0.146,0.117,-17.926,0.0506,118.809,0.4
Jazz,43.0,0.834,0.714,195173.0,0.295,0.135,-12.652,0.0347,131.566,0.532
Jazz,42.0,0.163,0.74,140245.0,0.591,0.11,-6.908,0.034,89.006,0.693
Jazz,45.0,0.206,0.765,233947.0,0.731,0.0884,-7.516,0.0408,134.046,0.869
Jazz,37.0,0.534,0.326,306627.0,0.613,0.0876,-7.953,0.0444,177.195,0.455
Jazz,33.0,0.407,0.616,196867.0,0.694,0.361,-8.168,0.0325,124.051,0.703
Jazz,39.0,0.81,0.516,256467.0,0.306,0.178,-15.786,0.0356,138.777,0.496
Jazz,42.0,0.946,0.552,183293.0,0.432,0.208,-7.513,0.0317,70.754,0.631
Jazz,38.0,0.81,0.654,352693.0,0.635,0.0949,-10.315,0.0404,101.042,0.743
Jazz,34.0,0.912,0.546,389293.0,0.196,0.105,-11.154,0.0423,143.762,0.325
Jazz,40.0,0.0172,0.652,420573.0,0.364,0.692,-13.16,0.047,139.003,0.285
Jazz,38.0,0.691,0.699,278240.0,0.501,0.326,-10.412,0.037,96.017,0.487
Jazz,41.0,0.934,0.593,255773.0,0.213,0.128,-17.236,0.0338,82.057,0.565
Jazz,40.0,0.769,0.254,223600.0,0.288,0.0675,-10.139,0.0319,81.859,0.101
Jazz,38.0,0.9,0.2,196227.0,0.266,0.514,-12.344,0.0296,69.881,0.103
Jazz,44.0,0.662,0.736,290827.0,0.481,0.0859,-11.962,0.0662,115.049,0.802
Jazz,33.0,0.483,0.708,278893.0,0.632,0.0565,-10.143,0.0361,98.977,0.691
Jazz,39.0,0.321,0.6,265960.0,0.743,0.0609,-6.821,0.0343,98.736,0.738
Jazz,31.0,0.816,0.73,244613.0,0.626,0.123,-11.021,0.0299,115.954,0.757
Jazz,45.0,0.615,0.672,221107.0,0.457,0.124,-6.29,0.0298,100.076,0.665
Jazz,37.0,0.965,0.524,451440.0,0.153,0.334,-18.624,0.0528,72.248,0.326
Jazz,45.0,0.0158,0.822,235188.0,0.549,0.0857,-8.203,0.156,122.865,0.589
Jazz,39.0,0.702,0.236,171987.0,0.429,0.0696,-13.576,0.0467,84.686,0.356
Jazz,36.0,0.169,0.271,157117.0,0.699,0.278,-8.508,0.0455,149.292,0.197
Jazz,33.0,0.678,0.538,297480.0,0.484,0.91,-17.204,0.0424,112.496,0.872
Jazz,39.0,0.0349,0.581,439160.0,0.855,0.071,-6.23,0.0342,95.264,0.531
Jazz,36.0,0.702,0.814,219853.0,0.308,0.105,-13.034,0.0347,114.09,0.522
Jazz,28.0,0.349,0.442,564239.0,0.722,0.221,-6.883,0.0342,89.708,0.476
Jazz,32.0,0.376,0.548,170800.0,0.799,0.111,-6.149,0.16,140.089,0.856
Jazz,39.0,0.892,0.214,162253.0,0.271,0.143,-12.187,0.0365,92.937,0.211
Jazz,32.0,0.66,0.687,264000.0,0.602,0.105,-8.951,0.0357,90.028,0.69
Jazz,38.0,0.732,0.624,277267.0,0.354,0.0858,-9.762,0.0725,172.97,0.709
Jazz,29.0,0.726,0.738,315893.0,0.494,0.0743,-10.237,0.117,81.26,0.855
Jazz,29.0,0.356,0.676,259520.0,0.736,0.045,-6.177,0.0315,81.029,0.692
Jazz,34.0,0.307,0.748,306613.0,0.387,0.114,-13.702,0.045,121.431,0.542
Jazz,38.0,0.211,0.651,189933.0,0.868,0.145,-8.83,0.296,95.528,0.662
Jazz,41.0,0.0392,0.799,277973.0,0.611,0.0769,-8.562,0.0591,119.985,0.701
Jazz,38.0,0.682,0.522,308667.0,0.19,0.699,-20.128,0.0358,98.903,0.521
Jazz,33.0,0.747,0.392,294693.0,0.593,0.109,-9.666,0.0359,157.626,0.165
Jazz,41.0,0.00096,0.83,288053.0,0.817,0.112,-6.539,0.077,107.908,0.622
Jazz,39.0,0.00113,0.535,208947.0,0.742,0.209,-9.207,0.0304,159.912,0.474
Jazz,44.0,0.828,0.525,236865.0,0.393,0.239,-10.892,0.0437,86.847,0.308
Jazz,42.0,0.329,0.745,364440.0,0.421,0.221,-13.265,0.0563,77.009,0.667
Jazz,43.0,0.899,0.489,269291.0,0.142,0.104,-16.016,0.0579,75.534,0.332
Jazz,36.0,0.354,0.815,270013.0,0.519,0.0827,-6.752,0.0825,94.014,0.864
Jazz,43.0,0.686,0.446,277469.0,0.359,0.112,-14.183,0.0343,78.841,0.297
Soul,79.0,0.114,0.697,214827.0,0.809,0.183,-8.197,0.0302,125.941,0.98
Soul,70.0,0.213,0.65,166973.0,0.323,0.187,-8.698,0.0283,110.962,0.276
Soul,67.0,0.21,0.503,233601.0,0.581,0.257,-7.007,0.0881,94.555,0.633
Soul,67.0,0.537,0.512,218073.0,0.511,0.115,-4.412,0.324,88.816,0.651
Soul,65.0,0.372,0.775,211862.0,0.539,0.225,-4.303,0.0881,144.966,0.624
Soul,56.0,0.0116,0.767,189677.0,0.469,0.0897,-6.006,0.102,93.018,0.539
Soul,53.0,0.16,0.772,385573.0,0.925,0.415,-7.467,0.117,113.607,0.717
Soul,61.0,0.989,0.371,211533.0,0.0275,0.115,-20.273,0.0375,127.943,0.155
Soul,53.0,0.746,0.532,212680.0,0.573,0.199,-8.48,0.0362,83.759,0.495
Soul,57.0,0.277,0.726,243413.0,0.861,0.0589,-5.172,0.0695,91.962,0.711
Soul,59.0,0.114,0.773,218135.0,0.766,0.0997,-6.281,0.0452,107.012,0.662
Soul,56.0,0.483,0.578,226000.0,0.58,0.289,-6.895,0.157,145.868,0.249
Soul,53.0,0.909,0.63,152701.0,0.435,0.274,-10.76,0.253,80.689,0.3
Soul,46.0,0.267,0.776,499400.0,0.768,0.983,-5.019,0.0502,101.591,0.838
Soul,56.0,0.0644,0.814,283827.0,0.497,0.0919,-8.73,0.136,104.59,0.674
Soul,58.0,0.0423,0.839,190480.0,0.572,0.0905,-5.312,0.0945,97.991,0.404
Soul,51.0,0.00919,0.705,180773.0,0.681,0.275,-4.776,0.0263,103.032,0.76
Soul,37.0,0.264,0.851,160177.0,0.67,0.115,-7.063,0.283,119.994,0.614
Soul,44.0,0.0936,0.672,267347.0,0.622,0.52,-4.739,0.0496,79.033,0.419
Soul,32.0,0.481,0.663,148413.0,0.562,0.124,-9.665,0.0627,122.152,0.965
Soul,40.0,0.0371,0.72,172559.0,0.759,0.101,-7.774,0.0804,101.317,0.61
Soul,33.0,0.324,0.661,353280.0,0.507,0.076,-10.519,0.0453,73.246,0.82
Soul,31.0,0.0204,0.884,353173.0,0.906,0.138,-7.284,0.0857,132.03,0.756
Soul,37.0,0.655,0.857,177800.0,0.645,0.11,-11.397,0.0574,103.847,0.961
Soul,42.0,0.0831,0.716,209560.0,0.601,0.0401,-10.808,0.0514,109.852,0.643
World,68.0,0.514,0.458,342493.0,0.486,0.574,-8.147,0.0258,72.484,0.363
World,55.0,0.0625,0.454,426320.0,0.587,0.81,-7.434,0.0362,119.789,0.167
World,53.0,0.00454,0.511,245973.0,0.579,0.107,-6.891,0.0303,126.015,0.138
World,52.0,0.0396,0.56,190731.0,0.833,0.0822,-4.796,0.076,102.088,0.514
World,52.0,0.00171,0.612,183707.0,0.83,0.125,-4.361,0.0464,103.84,0.525
World,49.0,0.0155,0.499,239987.0,0.829,0.077,-3.674,0.0459,86.03,0.487
World,49.0,0.198,0.532,329498.0,0.632,0.279,-7.501,0.0324,72.992,0.262
World,47.0,0.861,0.614,241173.0,0.132,0.11,-12.217,0.0323,79.928,0.329
World,48.0,0.942,0.109,610213.0,0.00822,0.129,-28.425,0.0529,75.629,0.0321
World,44.0,0.92,0.373,251303.0,0.0851,0.108,-10.6,0.0312,75.232,0.28
World,48.0,0.177,0.482,240067.0,0.636,0.172,-5.857,0.0295,138.184,0.411
World,44.0,0.581,0.537,351718.0,0.348,0.176,-9.276,0.0315,130.151,0.238
World,44.0,0.404,0.347,298169.0,0.416,0.0669,-7.006,0.0299,143.529,0.343
World,44.0,0.453,0.613,200933.0,0.695,0.119,-5.97,0.0329,109.99,0.519
World,39.0,0.346,0.356,325289.0,0.427,0.115,-6.923,0.0289,143.857,0.107
World,41.0,0.557,0.537,134627.0,0.828,0.0963,-7.698,0.0464,126.757,0.92
World,36.0,0.913,0.325,337808.0,0.238,0.196,-11.272,0.0339,96.87,0.246
World,47.0,0.822,0.599,547133.0,0.406,0.112,-19.881,0.0368,134.762,0.326
World,43.0,0.837,0.151,467133.0,0.142,0.0985,-18.89,0.032,79.16,0.0374
World,40.0,0.0318,0.494,212963.0,0.892,0.0816,-4.139,0.0942,127.898,0.369
World,34.0,0.074,0.414,361240.0,0.612,0.22,-6.839,0.0274,83.01,0.125
World,42.0,0.00018,0.517,431400.0,0.956,0.216,-4.709,0.0678,127.985,0.192
World,37.0,0.000641,0.262,509773.0,0.661,0.404,-6.212,0.0372,143.835,0.119
World,37.0,0.0417,0.434,317182.0,0.653,0.107,-8.685,0.0333,76.034,0.302
World,34.0,0.052,0.541,193966.0,0.989,0.891,-3.955,0.0911,145.995,0.555
World,37.0,0.00877,0.446,311534.0,0.842,0.939,-6.214,0.0337,92.449,0.326
World,30.0,0.85,0.722,276679.0,0.488,0.0771,-10.162,0.0433,94.837,0.871
World,35.0,0.0318,0.375,419760.0,0.496,0.555,-8.079,0.0309,135.055,0.0943
World,30.0,0.686,0.581,272293.0,0.392,0.309,-14.058,0.0288,138.005,0.101
World,48.0,0.902,0.263,348053.0,0.376,0.107,-12.531,0.0639,121.461,0.142
World,39.0,0.629,0.685,195440.0,0.432,0.183,-11.149,0.0751,127.066,0.803
World,33.0,0.0441,0.669,218920.0,0.586,0.426,-6.872,0.047,100.004,0.337
World,28.0,0.804,0.633,204373.0,0.553,0.139,-8.851,0.0376,87.608,0.738
World,38.0,0.509,0.536,308213.0,0.55,0.0743,-11.263,0.0372,80.458,0.47
World,36.0,0.203,0.324,262760.0,0.383,0.0671,-9.052,0.0296,149.854,0.183
World,47.0,0.947,0.184,229933.0,0.104,0.0989,-23.917,0.0457,80.063,0.137
World,30.0,0.0601,0.517,200080.0,0.989,0.897,-4.229,0.0462,145.96,0.792
World,33.0,0.817,0.294,313587.0,0.187,0.131,-11.363,0.0321,127.768,0.272
World,31.0,0.013,0.782,358215.0,0.516,0.33,-8.047,0.0624,90.004,0.132
World,33.0,0.565,0.466,222187.0,0.248,0.11,-11.52,0.0294,87.068,0.272
World,37.0,0.875,0.631,415693.0,0.475,0.0881,-12.11,0.0362,101.559,0.835
World,31.0,0.282,0.795,556736.0,0.647,0.387,-10.475,0.0482,135.126,0.593
World,31.0,0.185,0.482,286000.0,0.939,0.362,-4.652,0.121,127.0,0.194
World,36.0,0.96,0.188,339373.0,0.24,0.104,-18.533,0.0321,100.297,0.0722
World,31.0,0.282,0.442,332920.0,0.85,0.0864,-5.307,0.0414,155.859,0.534
World,32.0,0.733,0.735,299389.0,0.393,0.115,-10.014,0.0379,89.982,0.322
World,32.0,0.000367,0.594,217360.0,0.815,0.467,-6.512,0.0345,125.955,0.251
World,28.0,0.275,0.751,96227.0,0.542,0.0663,-10.426,0.0648,159.932,0.825
World,28.0,0.0486,0.338,601680.0,0.613,0.372,-7.003,0.0343,153.896,0.185
World,33.0,0.0327,0.296,439587.0,0.89,0.959,-5.396,0.104,142.072,0.162
World,28.0,0.372,0.378,298373.0,0.657,0.202,-7.129,0.0371,109.833,0.0828
World,28.0,0.991,0.533,80187.0,0.08,0.117,-19.902,0.135,104.351,0.541
World,30.0,0.241,0.501,249720.0,0.517,0.0881,-7.4,0.0293,139.907,0.148
World,30.0,0.616,0.549,335653.0,0.343,0.111,-11.598,0.0238,72.041,0.236
World,31.0,0.376,0.14,1065560.0,0.0925,0.292,-22.711,0.0466,140.441,0.0336
World,24.0,0.793,0.165,325027.0,0.291,0.739,-10.94,0.0314,74.015,0.134
World,23.0,0.284,0.782,233027.0,0.591,0.38,-8.222,0.041,96.061,0.864
World,28.0,0.47,0.56,311187.0,0.754,0.439,-10.209,0.0398,127.803,0.703
World,30.0,0.975,0.166,219800.0,0.0927,0.128,-27.086,0.0407,140.415,0.0319
World,23.0,0.706,0.268,303467.0,0.327,0.16,-9.764,0.0288,136.565,0.0596
World,33.0,0.0003,0.433,235227.0,0.567,0.0944,-12.907,0.0324,134.914,0.426
World,29.0,0.28,0.83,292360.0,0.424,0.623,-13.537,0.0924,100.005,0.244
World,24.0,0.11,0.566,259004.0,0.62,0.112,-7.297,0.0306,126.015,0.349
World,29.0,0.0709,0.383,348093.0,0.453,0.107,-8.384,0.0286,67.023,0.115
World,28.0,0.0982,0.414,196053.0,0.866,0.071,-6.752,0.0518,172.136,0.945
World,23.0,0.0106,0.391,172547.0,0.43,0.106,-9.847,0.0259,79.77,0.0392
World,26.0,0.0199,0.474,315600.0,0.63,0.967,-7.706,0.044,110.8,0.318
World,26.0,0.511,0.457,263679.0,0.753,0.0981,-6.47,0.0472,135.988,0.242
World,28.0,0.995,0.205,582877.0,0.0491,0.107,-30.945,0.0493,65.867,0.134
World,36.0,0.282,0.755,277627.0,0.455,0.117,-11.304,0.066,124.005,0.893
World,25.0,0.0744,0.537,252467.0,0.612,0.128,-10.536,0.0298,134.009,0.325
World,26.0,0.000985,0.418,330200.0,0.87,0.958,-4.602,0.0391,99.993,0.147
World,20.0,0.62,0.428,300013.0,0.364,0.13,-8.223,0.0288,141.95,0.295
World,23.0,0.976,0.211,161627.0,0.0306,0.106,-26.813,0.0385,71.426,0.0375
World,32.0,0.992,0.194,230585.0,0.00364,0.0647,-27.015,0.0455,106.117,0.0501
World,34.0,0.000221,0.239,211667.0,0.659,0.0791,-10.474,0.039,176.563,0.394
World,25.0,0.0328,0.404,387312.0,0.438,0.134,-9.405,0.0276,148.103,0.412
World,27.0,0.887,0.286,230651.0,0.295,0.0802,-9.926,0.0381,141.525,0.118
World,33.0,0.392,0.462,520213.0,0.566,0.0653,-7.512,0.0364,132.002,0.199
Rock,66.0,0.579,0.601,214080.0,0.574,0.216,-8.166,0.03,147.964,0.8
Rock,68.0,0.0105,0.282,251867.0,0.656,0.0892,-6.557,0.0302,139.352,0.242
Rock,63.0,0.0866,0.539,372893.0,0.866,0.0953,-8.404,0.0483,130.345,0.761
Rock,63.0,5.1e-05,0.219,176307.0,0.952,0.157,-3.621,0.176,112.886,0.172
Rock,63.0,0.00378,0.609,246307.0,0.674,0.129,-6.506,0.0355,127.541,0.743
Rock,64.0,0.262,0.525,262748.0,0.929,0.0754,-8.56,0.0784,163.503,0.556
Rock,67.0,0.0053,0.675,198454.0,0.545,0.17,-5.275,0.046,117.015,0.272
Rock,59.0,6.54e-05,0.46,326667.0,0.81,0.123,-5.008,0.0557,139.671,0.38
Rock,62.0,0.134,0.286,343933.0,0.5,0.108,-14.281,0.0357,99.162,0.443
Rock,67.0,0.000376,0.315,288467.0,0.889,0.133,-8.192,0.041,181.329,0.961
Rock,66.0,0.0661,0.404,326983.0,0.723,0.233,-5.26,0.0571,160.048,0.225
Rock,63.0,0.101,0.643,196613.0,0.903,0.403,-3.493,0.0646,126.109,0.566
Rock,63.0,0.322,0.647,215676.0,0.65,0.34,-3.848,0.0449,74.0,0.677
Rock,69.0,0.283,0.505,195701.0,0.68,0.175,-3.423,0.0336,139.843,0.362
Rock,68.0,0.135,0.775,295067.0,0.866,0.152,-3.598,0.0295,131.34,0.876
Rock,63.0,0.116,0.439,199907.0,0.752,0.133,-4.143,0.0375,166.051,0.456
Rock,60.0,0.237,0.748,168813.0,0.72,0.069,-7.774,0.0286,128.69,0.86
Rock,63.0,0.166,0.567,285733.0,0.572,0.103,-7.694,0.0318,138.062,0.205
Rock,63.0,0.248,0.729,199387.0,0.406,0.114,-9.388,0.0533,127.954,0.177
Rock,59.0,0.439,0.761,235387.0,0.637,0.102,-8.169,0.0268,125.115,0.656
Rock,54.0,0.00263,0.228,383920.0,0.815,0.186,-7.089,0.174,74.268,0.286
Rock,54.0,0.695,0.537,221827.0,0.417,0.151,-7.209,0.0273,144.716,0.256
Rock,54.0,0.0749,0.791,308373.0,0.535,0.156,-13.261,0.0355,127.488,0.963
Rock,58.0,0.000957,0.445,192533.0,0.909,0.378,-4.109,0.134,94.025,0.297
Rock,62.0,0.0486,0.49,217680.0,0.868,0.0575,-3.943,0.0375,147.979,0.472
Rock,63.0,0.66,0.629,192200.0,0.356,0.173,-11.135,0.0246,83.886,0.472
Rock,65.0,0.878,0.553,165560.0,0.291,0.129,-10.426,0.0301,96.217,0.407
Rock,54.0,0.015,0.609,216693.0,0.807,0.37,-8.286,0.0559,121.768,0.754
Rock,61.0,0.0157,0.447,248947.0,0.983,0.276,-2.281,0.268,179.072,0.317
Rock,55.0,0.0851,0.51,254387.0,0.67,0.162,-7.519,0.0343,124.144,0.265
Rock,54.0,0.717,0.62,345680.0,0.559,0.133,-10.568,0.0369,129.401,0.527
Rock,64.0,0.698,0.491,150867.0,0.431,0.124,-12.257,0.0609,82.443,0.661
Rock,62.0,0.0182,0.378,339493.0,0.596,0.144,-5.406,0.0323,135.968,0.172
Rock,56.0,0.00031,0.666,168667.0,0.603,0.0993,-7.314,0.0258,116.84,0.195
Rock,53.0,0.679,0.634,300427.0,0.139,0.0612,-15.102,0.0533,78.053,0.158
Rock,54.0,0.0351,0.518,238133.0,0.87,0.255,-4.933,0.098,169.665,0.661
Rock,60.0,0.0496,0.503,309920.0,0.588,0.0706,-10.569,0.0449,62.302,0.367
Rock,56.0,0.000115,0.357,197187.0,0.69,0.101,-2.626,0.044,116.91,0.308
Rock,58.0,0.000152,0.349,257813.0,0.934,0.281,-5.518,0.0644,124.055,0.0788
Rock,54.0,0.883,0.377,278347.0,0.24,0.11,-7.619,0.03,85.53,0.348
Rock,56.0,0.144,0.326,199274.0,0.887,0.49,-4.199,0.0565,202.354,0.706
Soul,49.0,0.614,0.711,213028.0,0.463,0.364,-9.733,0.0361,90.034,0.65
Soul,48.0,0.402,0.578,452733.0,0.646,0.227,-8.126,0.0698,97.844,0.658
Soul,50.0,0.0129,0.553,252447.0,0.798,0.219,-5.935,0.0411,150.003,0.341
Soul,44.0,0.391,0.545,198200.0,0.293,0.198,-14.838,0.0316,88.96,0.487
Soul,56.0,0.5,0.652,202871.0,0.456,0.0979,-8.815,0.16,130.05,0.346
Soul,56.0,0.0979,0.663,192333.0,0.544,0.307,-8.571,0.0649,161.577,0.648
Soul,60.0,0.738,0.634,229773.0,0.269,0.123,-10.465,0.078,132.685,0.216
Soul,58.0,0.0386,0.623,228520.0,0.797,0.133,-4.887,0.264,164.006,0.373
Soul,41.0,0.357,0.675,92413.0,0.633,0.459,-10.521,0.552,171.952,0.852
Soul,53.0,0.0161,0.861,201640.0,0.346,0.104,-12.033,0.0702,115.264,0.579
Soul,47.0,0.971,0.45,289693.0,0.0437,0.0948,-29.46,0.0374,63.938,0.0988
Soul,53.0,0.104,0.581,941360.0,0.672,0.0458,-8.279,0.0602,111.154,0.808
Soul,42.0,0.286,0.689,268893.0,0.871,0.381,-7.928,0.0281,98.396,0.898
Soul,51.0,0.11,0.368,252973.0,0.516,0.0955,-6.058,0.0348,178.889,0.445
Soul,49.0,0.159,0.557,190858.0,0.656,0.175,-7.657,0.0406,141.046,0.332
Soul,46.0,0.797,0.611,216600.0,0.361,0.0823,-12.958,0.0285,85.786,0.485
Soul,43.0,0.886,0.489,369173.0,0.365,0.73,-14.716,0.101,80.018,0.649
Soul,50.0,0.865,0.547,291539.0,0.347,0.175,-4.101,0.0421,132.845,0.562
Soul,47.0,0.00413,0.681,226963.0,0.722,0.094,-5.715,0.108,109.246,0.67
Soul,48.0,0.122,0.348,232794.0,0.467,0.31,-6.014,0.0642,179.324,0.407
Soul,49.0,0.355,0.442,256347.0,0.625,0.11,-9.69,0.0589,108.003,0.176
Soul,46.0,0.329,0.709,173453.0,0.45,0.0873,-7.047,0.0354,113.69,0.645
Soul,52.0,0.11,0.787,175653.0,0.781,0.213,-4.957,0.102,103.993,0.409
Soul,43.0,0.659,0.413,255067.0,0.406,0.272,-7.2,0.0318,85.651,0.147
Soul,43.0,0.0196,0.464,196676.0,0.727,0.0686,-3.442,0.146,85.23,0.61
Soul,39.0,0.487,0.42,276333.0,0.507,0.113,-12.833,0.042,157.205,0.558
Soul,52.0,0.0573,0.653,197373.0,0.68,0.0683,-5.351,0.0885,99.023,0.541
Soul,49.0,0.201,0.69,239520.0,0.301,0.154,-10.244,0.0318,92.151,0.0875
Soul,36.0,0.145,0.682,216373.0,0.347,0.0686,-16.572,0.0628,82.115,0.694
Soul,41.0,0.823,0.774,139085.0,0.709,0.125,-5.871,0.112,170.08,0.569
Soul,47.0,0.76,0.365,191431.0,0.269,0.111,-15.485,0.0385,120.387,0.0386
Soul,44.0,0.134,0.645,231920.0,0.546,0.263,-10.354,0.0756,90.848,0.503
Soul,42.0,0.512,0.728,221293.0,0.36,0.1,-11.564,0.0687,81.927,0.236
Soul,39.0,0.938,0.412,184000.0,0.133,0.0661,-18.367,0.138,118.058,0.0736
Soul,42.0,0.733,0.587,146693.0,0.38,0.393,-8.912,0.0251,85.214,0.638
Soul,43.0,0.00152,0.445,175427.0,0.637,0.129,-5.672,0.0342,89.847,0.0863
Soul,41.0,0.0028,0.508,303640.0,0.619,0.111,-7.072,0.195,91.895,0.247
Soul,44.0,0.426,0.674,246787.0,0.571,0.123,-5.675,0.0842,97.126,0.511
Soul,42.0,0.0644,0.784,200533.0,0.377,0.111,-9.594,0.0326,106.018,0.341
